text,link
株式会社ドリームオンライン,https://www.wantedly.com/companies/dreamonline
ソフネットジャパン株式会社,https://www.wantedly.com/companies/company_2195851
株式会社ウーオ,https://www.wantedly.com/companies/uuuo
株式会社 Be win,https://www.wantedly.com/companies/be-win2
株式会社ビーライズ,https://www.wantedly.com/companies/berise
ロングブラックパートナーズ株式会社,https://www.wantedly.com/companies/company_9297019
株式会社アトモニ,https://www.wantedly.com/companies/company_2505532
breakfast合同会社,https://www.wantedly.com/companies/company_7675158
株式会社パンクチュアル,https://www.wantedly.com/companies/company_7992450
株式会社マイビジョン,https://www.wantedly.com/companies/myvision_0308
株式会社海士,https://www.wantedly.com/companies/company_7611121
forent株式会社,https://www.wantedly.com/companies/company_2787152
知夫村役場,https://www.wantedly.com/companies/chibu-vill
小豆島生コン株式会社,https://www.wantedly.com/companies/shimanama
小田億株式会社,https://www.wantedly.com/companies/odaokufinds
株式会社地域ブランディング研究所,https://www.wantedly.com/companies/www-chibra-co-jp
株式会社Trust Lead,https://www.wantedly.com/companies/company_7608827
株式会社マーケットエンタープライズ,https://www.wantedly.com/companies/marketenterprise
株式会社GrooveDesigns,https://www.wantedly.com/companies/company_7014000
株式会社Wonder Education,https://www.wantedly.com/companies/wonder_education
日本ビジネスアート株式会社,https://www.wantedly.com/companies/www-jbakk-co
pickupon株式会社,https://www.wantedly.com/companies/company_6563513
株式会社ARTH,https://www.wantedly.com/companies/company_5882295
株式会社 サン・クレア,https://www.wantedly.com/companies/sun-crea
一般財団法人 島前ふるさと魅力化財団,https://www.wantedly.com/companies/okidozen_miryokuka
株式会社あわえ,https://www.wantedly.com/companies/awae2
新庄村役場,https://www.wantedly.com/companies/company_6801739
株式会社クラビズ,https://www.wantedly.com/companies/kurabiz
株式会社グリーンハート,https://www.wantedly.com/companies/company_8564338
合同会社DMM.com,https://www.wantedly.com/companies/dmm
さとゆめ,https://www.wantedly.com/companies/satoyume
株式会社Soilook,https://www.wantedly.com/companies/company_1529265
カラビナテクノロジー株式会社,https://www.wantedly.com/companies/karabiner-tech
合同会社暗号屋,https://www.wantedly.com/companies/company_4743391
株式会社ライトコード,https://www.wantedly.com/companies/rightcode
株式会社Fusic,https://www.wantedly.com/companies/fusic
株式会社スマレジ,https://www.wantedly.com/companies/smaregi
株式会社エンジンゴテン,https://www.wantedly.com/companies/company_6972375
メタグロース株式会社,https://www.wantedly.com/companies/company_178030
株式会社キャッチアップ,https://www.wantedly.com/companies/catchup
株式会社エニセンス,https://www.wantedly.com/companies/anysenseinc
アルバックテクノ株式会社,https://www.wantedly.com/companies/jinji7819
株式会社エクシーズ,https://www.wantedly.com/companies/xseeds_fukuoka
株式会社scelta,https://www.wantedly.com/companies/company_7786094
株式会社アナイスカンパニー,https://www.wantedly.com/companies/anicecompany
ラシン株式会社,https://www.wantedly.com/companies/company_2071110
株式会社Bulls,https://www.wantedly.com/companies/company_1694529
株式会社Timingood,https://www.wantedly.com/companies/timingood
株式会社ソースクリエイト,https://www.wantedly.com/companies/srce
株式会社JIITAK,https://www.wantedly.com/companies/company_5314514
Gastroduce Japan株式会社,https://www.wantedly.com/companies/gastroducejapan
株式会社センキャク,https://www.wantedly.com/companies/Senkyaku
Route66株式会社,https://www.wantedly.com/companies/company_533642
株式会社スパイスボックス,https://www.wantedly.com/companies/spicebox
カプセルジャパン株式会社,https://www.wantedly.com/companies/Capsule
株式会社アトラクト,https://www.wantedly.com/companies/attract-corp
株式会社ALBONA,https://www.wantedly.com/companies/albona
エンドライン株式会社,https://www.wantedly.com/companies/endline
and roots株式会社,https://www.wantedly.com/companies/company_1919500
株式会社ワークアズライフ,https://www.wantedly.com/companies/company_8743119
Tensor Energy株式会社,https://www.wantedly.com/companies/TensorEnergy
株式会社食選館,https://www.wantedly.com/companies/company_syokusenkan
株式会社コウダプロ,https://www.wantedly.com/companies/kouda-pro
合同会社シェルパ,https://www.wantedly.com/companies/company_1053373
株式会社Lagomliv,https://www.wantedly.com/companies/company_2858728
株式会社Leading Property Management,https://www.wantedly.com/companies/LPM_8797424
"quod, LLC",https://www.wantedly.com/companies/company_7348429
株式会社Growth canvas,https://www.wantedly.com/companies/company_8679736
株式会社Liberty,https://www.wantedly.com/companies/company_686447
株式会社オモヤ,https://www.wantedly.com/companies/company_2471197
株式会社prisma,https://www.wantedly.com/companies/company_5406923
FISM株式会社,https://www.wantedly.com/companies/fism
Reapra Japan,https://www.wantedly.com/companies/reapraventures
株式会社ネクストビート,https://www.wantedly.com/companies/nextbeat2
株式会社エイスリー,https://www.wantedly.com/companies/herocasting
チャリチャリ株式会社,https://www.wantedly.com/companies/charichari
株式会社HAB&Co.,https://www.wantedly.com/companies/hab-co
株式会社BJC,https://www.wantedly.com/companies/company_8307832
ITecMarin株式会社,https://www.wantedly.com/companies/company_5382314
株式会社LivCo(旧ASEAN HOUSE),https://www.wantedly.com/companies/livco
株式会社嵯峨ガスセンター,https://www.wantedly.com/companies/sagagas1961
スマートキャンプ株式会社,https://www.wantedly.com/companies/company_5032895
株式会社キービット,https://www.wantedly.com/companies/company_4872399
株式会社ZERO PLUS,https://www.wantedly.com/companies/zeroplus
ヴァンテージポイント株式会社,https://www.wantedly.com/companies/company_6402926
株式会社オンテックス,https://www.wantedly.com/companies/company_636271
ジークス株式会社,https://www.wantedly.com/companies/GeCS9999
ＷeCapital株式会社,https://www.wantedly.com/companies/company_1152627
アディッシュ株式会社,https://www.wantedly.com/companies/adish
株式会社Hosty,https://www.wantedly.com/companies/hosty
株式会社キャタル,https://www.wantedly.com/companies/catal
株式会社WILFATH,https://www.wantedly.com/companies/company_1786193
株式会社ヤマップ,https://www.wantedly.com/companies/yamap
ヒトツメ株式会社,https://www.wantedly.com/companies/company_5194952
結デザイン　有限会社,https://www.wantedly.com/companies/company_2843845
ユースタイルラボラトリー株式会社,https://www.wantedly.com/companies/eustylelab
株式会社BluePort,https://www.wantedly.com/companies/blue-port
株式会社GA technologies(GAテクノロジーズ),https://www.wantedly.com/companies/renosy
株式会社益正グループ,https://www.wantedly.com/companies/company_3603183
GMOペパボ株式会社,https://www.wantedly.com/companies/pepabo
税理士法人アーリークロス,https://www.wantedly.com/companies/company_1790345
株式会社DAM,https://www.wantedly.com/companies/company_8177029
株式会社マクロジ,https://www.wantedly.com/companies/maclogi
株式会社ORIGO JAPAN,https://www.wantedly.com/companies/company_6048237
株式会社クジラボ,https://www.wantedly.com/companies/Kujilabo0815
株式会社イベント21,https://www.wantedly.com/companies/event21
株式会社ベステイト,https://www.wantedly.com/companies/bestayte
株式会社CO&CO ,https://www.wantedly.com/companies/andco
CAVIN Inc.,https://www.wantedly.com/companies/company_6193267
学校法人大原幼稚園,https://www.wantedly.com/companies/o-hara1
クラウドット株式会社,https://www.wantedly.com/companies/cloudotinc
株式会社ゼロフィールド,https://www.wantedly.com/companies/zerofield
株式会社西行土木,https://www.wantedly.com/companies/company_7350385
Scale-UP株式会社,https://www.wantedly.com/companies/company_6823944
株式会社LittleJapan,https://www.wantedly.com/companies/littlejapan2
株式会社タケショー,https://www.wantedly.com/companies/company_8233928
ドコドア株式会社,https://www.wantedly.com/companies/docodoor
一般社団法人山梨イノベーションベース,https://www.wantedly.com/companies/company_8370945
有限会社 信州ファーム荻原,https://www.wantedly.com/companies/company_7437928
夏目光学株式会社,https://www.wantedly.com/companies/company_6127844
株式会社くるめし,https://www.wantedly.com/companies/kurumeshi
株式会社マスターピース,https://www.wantedly.com/companies/company_59161
フリー株式会社,https://www.wantedly.com/companies/freee
三和物産株式会社,https://www.wantedly.com/companies/company_1838766
宿場JAPAN,https://www.wantedly.com/companies/Shukubajapan
株式会社鬨一精機,https://www.wantedly.com/companies/company_509577
長野システム開発株式会社,https://www.wantedly.com/companies/nsd
アドバリスター株式会社,https://www.wantedly.com/companies/advalistar
株式会社illmatics,https://www.wantedly.com/companies/illmatics
ジールズ株式会社,https://www.wantedly.com/companies/zealz
株式会社ユニメディア(テックコネクト),https://www.wantedly.com/companies/techconnect
株式会社バイオーム,https://www.wantedly.com/companies/company_9487580
京都エンタテインメントワークス株式会社,https://www.wantedly.com/companies/entaworks
株式会社アンクシステムズ,https://www.wantedly.com/companies/ankhsystems
株式会社PAL,https://www.wantedly.com/companies/pal-style
Ｋ．Ｓ．ロジャース株式会社,https://www.wantedly.com/companies/ks-rogers
メディアシステム株式会社,https://www.wantedly.com/companies/e-mediaworld
Deepcraft,https://www.wantedly.com/companies/deepcraft
株式会社Gemcook,https://www.wantedly.com/companies/gemcook
株式会社エムニ,https://www.wantedly.com/companies/company_6183378
株式会社エルシオ,https://www.wantedly.com/companies/Elcyo
株式会社ロジカルスタジオ,https://www.wantedly.com/companies/logical-studio
株式会社YUZURIHA,https://www.wantedly.com/companies/company_1037941
株式会社Paak,https://www.wantedly.com/companies/company_9714126
株式会社Re-era,https://www.wantedly.com/companies/company_4731082
omeroid株式会社,https://www.wantedly.com/companies/company_5409883
株式会社マネーフォワード,https://www.wantedly.com/companies/moneyforward
クイック・ネットワーク株式会社,https://www.wantedly.com/companies/sellca-sellcar
株式会社セルバ,https://www.wantedly.com/companies/selva-i
株式会社メイト,https://www.wantedly.com/companies/mate_0205
株式会社Gonmura,https://www.wantedly.com/companies/gonmura_recruit
DMG森精機株式会社,https://www.wantedly.com/companies/company_9755414
エフアンドエムネット株式会社,https://www.wantedly.com/companies/fandmnet
J.B.Goode株式会社,https://www.wantedly.com/companies/company_2993219
アトモフ株式会社,https://www.wantedly.com/companies/atmoph
株式会社TAM,https://www.wantedly.com/companies/tam
株式会社キューブ,https://www.wantedly.com/companies/cubecube
株式会社サムシングファン,https://www.wantedly.com/companies/somethingfun
株式会社人間,https://www.wantedly.com/companies/ningen
株式会社Sora,https://www.wantedly.com/companies/company_6288180
株式会社YOLO JAPAN,https://www.wantedly.com/companies/yolojapan
株式会社シキラマ,https://www.wantedly.com/companies/company_5916926
SOIL合同会社,https://www.wantedly.com/companies/soilmkt
株式会社OTOGI,https://www.wantedly.com/companies/otogi-inc
株式会社バーチャルアーツ,https://www.wantedly.com/companies/company_179289
クジラ株式会社,https://www.wantedly.com/companies/kujira
株式会社ディーネット,https://www.wantedly.com/companies/company_3072350
株式会社Spiristar,https://www.wantedly.com/companies/company_1686585
株式会社京都ヒトノコト研究所,https://www.wantedly.com/companies/company_hitonokoto
認定NPO法人CLACK,https://www.wantedly.com/companies/clack
株式会社ポロック,https://www.wantedly.com/companies/kagoyacloud
株式会社ディスカバリー,https://www.wantedly.com/companies/discovery-inc
株式会社AimForward,https://www.wantedly.com/companies/company_2899221
WAQ株式会社,https://www.wantedly.com/companies/company_3069920
株式会社グランネット,https://www.wantedly.com/companies/company_5029580
JOKER'S株式会社,https://www.wantedly.com/companies/company_410792
株式会社ユナイテッド・インテリジェンス,https://www.wantedly.com/companies/veritas
TRAPOL合同会社,https://www.wantedly.com/companies/company_4390516
ノックデザイン,https://www.wantedly.com/companies/nock_design
株式会社ビーウェル,https://www.wantedly.com/companies/bwell
株式会社デザイナー,https://www.wantedly.com/companies/company_8942209
株式会社Synergy Career,https://www.wantedly.com/companies/company_706822
池田金属工業株式会社,https://www.wantedly.com/companies/company_1774337
株式会社ワン・ステップ,https://www.wantedly.com/companies/company_onestep
GOODLIFE.Inc,https://www.wantedly.com/companies/go0dlife_Inc
株式会社DYM,https://www.wantedly.com/companies/dym
株式会社WEB GRAM,https://www.wantedly.com/companies/webgram
株式会社アースケア,https://www.wantedly.com/companies/company_7394497
有限会社コンフォート,https://www.wantedly.com/companies/kyo-no-katadomari
株式会社船井総合研究所,https://www.wantedly.com/companies/fsdg
株式会社ニナレル,https://www.wantedly.com/companies/company_7306564
株式会社rtv,https://www.wantedly.com/companies/company_8573914
株式会社Beauty Terminal,https://www.wantedly.com/companies/beauty_terminal
株式会社AAB,https://www.wantedly.com/companies/company_8601147
アンカー株式会社,https://www.wantedly.com/companies/anchor-ltd
株式会社ポスタリテイト,https://www.wantedly.com/companies/postalitate
PISTEC株式会社,https://www.wantedly.com/companies/pistecgroup
株式会社TTT,https://www.wantedly.com/companies/company_1570544
株式会社milkywei,https://www.wantedly.com/companies/milkywei
アプコグループジャパン株式会社,https://www.wantedly.com/companies/appcogroup
プレジャーサポート株式会社,https://www.wantedly.com/companies/company_7112341
株式会社SAKIYOMI,https://www.wantedly.com/companies/radix-media
株式会社STORY CAREER,https://www.wantedly.com/companies/company_5381921
株式会社cozoru,https://www.wantedly.com/companies/company_1087954
株式会社merchu,https://www.wantedly.com/companies/company_1298124
株式会社2peace,https://www.wantedly.com/companies/corp_2peace
株式会社bouquet,https://www.wantedly.com/companies/company_7895458
株式会社RISE SQUARED,https://www.wantedly.com/companies/company_8950300
白潟総合研究所株式会社,https://www.wantedly.com/companies/ssoken
株式会社JAPAN SOLUTIONS,https://www.wantedly.com/companies/japan-solution
a-works株式会社,https://www.wantedly.com/companies/a-works
株式会社Arizas,https://www.wantedly.com/companies/company_8991548
株式会社Remind,https://www.wantedly.com/companies/company_4921574
株式会社花浄院,https://www.wantedly.com/companies/company_8058061
LOGZGROUP株式会社,https://www.wantedly.com/companies/logz0616
株式会社レイロ,https://www.wantedly.com/companies/company_3310205
Baseconnect株式会社,https://www.wantedly.com/companies/baseconnect-inc
Skyland Ventures,https://www.wantedly.com/companies/skylandventures
株式会社ボールド,https://www.wantedly.com/companies/bold2
株式会社イノース,https://www.wantedly.com/companies/company_6430916
CiPPo株式会社,https://www.wantedly.com/companies/company_6385678
株式会社水星,https://www.wantedly.com/companies/suisei
ロックファーム京都株式会社,https://www.wantedly.com/companies/company_7687834
株式会社Delight,https://www.wantedly.com/companies/delight21
株式会社JoBins,https://www.wantedly.com/companies/jobins
株式会社HRX,https://www.wantedly.com/companies/company_7521459
株式会社タイズ,https://www.wantedly.com/companies/company_5236454
株式会社V‐Room,https://www.wantedly.com/companies/company_7215855
株式会社トータルフロー,https://www.wantedly.com/companies/company_8207596
株式会社Sun Growing,https://www.wantedly.com/companies/company_5677339
株式会社プロシーズ,https://www.wantedly.com/companies/proseeds
株式会社TOKUMORI,https://www.wantedly.com/companies/tokumori
株式会社SEEKAD,https://www.wantedly.com/companies/seekad
株式会社SIEC,https://www.wantedly.com/companies/company_6518466
SportsEntertainment株式会社,https://www.wantedly.com/companies/company_8775943
株式会社ボウルズ,https://www.wantedly.com/companies/company_9720097
株式会社Teach,https://www.wantedly.com/companies/company_6472334
株式会社ファミリーサポート,https://www.wantedly.com/companies/company_5989538
TEAM-X株式会社,https://www.wantedly.com/companies/TEAM_X
株式会社エンジョイワークス,https://www.wantedly.com/companies/enjoystyles
夢見る株式会社,https://www.wantedly.com/companies/robo-done
株式会社BFM,https://www.wantedly.com/companies/company_5450912
株式会社アール・エム,https://www.wantedly.com/companies/company_2859926
株式会社For A-career,https://www.wantedly.com/companies/company_471366
株式会社HACARUS,https://www.wantedly.com/companies/hacarus
株式会社activo,https://www.wantedly.com/companies/activo
キャリアリンクファクトリー株式会社,https://www.wantedly.com/companies/clf_recruit
株式会社ネクスト,https://www.wantedly.com/companies/company_8177676
株式会社レオンワークス,https://www.wantedly.com/companies/company_464710
ユー・アンド・アース株式会社,https://www.wantedly.com/companies/youandearth
Sasuke Financial Lab株式会社,https://www.wantedly.com/companies/sasukefinlab
株式会社アスナロ,https://www.wantedly.com/companies/asnalo
株式会社OfficeBright,https://www.wantedly.com/companies/company_9643203
株式会社Laughall,https://www.wantedly.com/companies/company_3629708
メディグル株式会社,https://www.wantedly.com/companies/company_medigle2022
Flora株式会社,https://www.wantedly.com/companies/company_7433224
株式会社ネクスタ,https://www.wantedly.com/companies/nexta-fa
株式会社スマサポ,https://www.wantedly.com/companies/company_3157193
株式会社Flavor,https://www.wantedly.com/companies/flavor-inc
株式会社ベルタ,https://www.wantedly.com/companies/company_2890998
アクシス株式会社,https://www.wantedly.com/companies/company_5290314
learningBOX株式会社,https://www.wantedly.com/companies/learningbox
C&H株式会社,https://www.wantedly.com/companies/company_4619758
株式会社ウィーブ,https://www.wantedly.com/companies/weve
"株式会社Lien,s",https://www.wantedly.com/companies/company_4935803
BABY JOB株式会社,https://www.wantedly.com/companies/company_9483366
株式会社I-ne (BOTANIST),https://www.wantedly.com/companies/i-ne
株式会社Unito,https://www.wantedly.com/companies/company_4902362
株式会社GRApP,https://www.wantedly.com/companies/akizero
株式会社Dots,https://www.wantedly.com/companies/company_5282071
クラウドキャリア株式会社,https://www.wantedly.com/companies/company_933957
有限会社DAY,https://www.wantedly.com/companies/company_7298327
株式会社Grant,https://www.wantedly.com/companies/grant_recruit
株式会社ダイバージェンス,https://www.wantedly.com/companies/company_7987392
株式会社クリーク・アンド・リバー社,https://www.wantedly.com/companies/cri
株式会社Cellest,https://www.wantedly.com/companies/cellest
トゥモローゲート株式会社,https://www.wantedly.com/companies/company_8470463
株式会社アサーティブ,https://www.wantedly.com/companies/company_1586392
セレクションアンドバリエーション株式会社,https://www.wantedly.com/companies/sele-vari
株式会社ドリーム・チーム,https://www.wantedly.com/companies/company_777053
HR Tech Management 株式会社,https://www.wantedly.com/companies/company_2627401
ケノビ株式会社,https://www.wantedly.com/companies/company_4261439
平安伸銅工業株式会社,https://www.wantedly.com/companies/cataso
株式会社PeopleX Japan,https://www.wantedly.com/companies/company_3614117
orosy株式会社,https://www.wantedly.com/companies/company_4431277
合同会社Kurasu,https://www.wantedly.com/companies/company_8924582
株式会社オージャスト,https://www.wantedly.com/companies/company_2447885
みそうパートナーズ株式会社,https://www.wantedly.com/companies/misou-p
株式会社ibridge（OURHOME）,https://www.wantedly.com/companies/company_3098175
株式会社ユニティー,https://www.wantedly.com/companies/company_1650817
西田工業株式会社,https://www.wantedly.com/companies/company_5112455
UDS株式会社,https://www.wantedly.com/companies/uds
株式会社WSP,https://www.wantedly.com/companies/wspcorp2
株式会社スバル,https://www.wantedly.com/companies/company_2598156
株式会社上野忠,https://www.wantedly.com/companies/uenochu_1122
株式会社錢屋本舗,https://www.wantedly.com/companies/company_3199970
株式会社青楓館,https://www.wantedly.com/companies/company_855477
株式会社80&Company,https://www.wantedly.com/companies/company_4789075
株式会社インフラッグ,https://www.wantedly.com/companies/inflag
株式会社関西広告社,https://www.wantedly.com/companies/company_kansai
株式会社イーダブリュエムファクトリー,https://www.wantedly.com/companies/ewmfactory
株式会社イツノマ,https://www.wantedly.com/companies/company_9114569
株式会社キャスター,https://www.wantedly.com/companies/cast-er
株式会社ライトライト,https://www.wantedly.com/companies/company_4924020
株式会社　九州エネルギーパートナーズ,https://www.wantedly.com/companies/company_727984
アイランデクス株式会社,https://www.wantedly.com/companies/company_6522091
株式会社 温故知新,https://www.wantedly.com/companies/www-okcs-co
面白法人カヤック,https://www.wantedly.com/companies/kayac
株式会社RiFOW,https://www.wantedly.com/companies/company_3437987
株式会社豊後企画集団,https://www.wantedly.com/companies/company_3594884
高原町産業創生課,https://www.wantedly.com/companies/company_4526840
ポート株式会社,https://www.wantedly.com/companies/port
セルフィルムス株式会社,https://www.wantedly.com/companies/company_7479225
株式会社BTM,https://www.wantedly.com/companies/BTM
株式会社CURUCURU,https://www.wantedly.com/companies/curucuru
株式会社パソナ　DXテクノロジー本部,https://www.wantedly.com/companies/pasonatech
アルチテック株式会社,https://www.wantedly.com/companies/artitech
有限会社アップルップル,https://www.wantedly.com/companies/appleple
株式会社マップフォー,https://www.wantedly.com/companies/map4
株式会社Teals,https://www.wantedly.com/companies/company_teals
株式会社ユニソン,https://www.wantedly.com/companies/company_302117
株式会社CREAS,https://www.wantedly.com/companies/company_9896966
株式会社つなげーと,https://www.wantedly.com/companies/tunagate
株式会社SAZO,https://www.wantedly.com/companies/company_4900166
株式会社ロルバーン,https://www.wantedly.com/companies/rollbahrn
株式会社リィ,https://www.wantedly.com/companies/company_7026557
株式会社スタメン,https://www.wantedly.com/companies/stmn_inc
株式会社IMOM,https://www.wantedly.com/companies/company_6114244
株式会社コークッキング,https://www.wantedly.com/companies/cocooking
株式会社スタジアム,https://www.wantedly.com/companies/company_9879587
KUROFUNE株式会社,https://www.wantedly.com/companies/kurofune-inc
株式会社3Steady,https://www.wantedly.com/companies/company_8154297
株式会社オプティマインド,https://www.wantedly.com/companies/optimind
バイザー株式会社,https://www.wantedly.com/companies/visor2007
株式会社アビリブ,https://www.wantedly.com/companies/ab-net
株式会社ウェイストボックス,https://www.wantedly.com/companies/company_1021218
株式会社sumarch,https://www.wantedly.com/companies/company_8257027
冒険社プラコレ,https://www.wantedly.com/companies/pla-cole
ウッドデザインパーク株式会社,https://www.wantedly.com/companies/wood_designpark
株式会社エイチーム,https://www.wantedly.com/companies/a-tm
株式会社FLAGSホールディングス,https://www.wantedly.com/companies/company_8745936
アイティップス株式会社,https://www.wantedly.com/companies/itips
株式会社NXTED,https://www.wantedly.com/companies/company_4247092
エコモット株式会社,https://www.wantedly.com/companies/ecomott2
株式会社オロ,https://www.wantedly.com/companies/oro
Rimp株式会社,https://www.wantedly.com/companies/company_5003876
合同会社DESIGN STUDIO K,https://www.wantedly.com/companies/dsk2021
ロジスティードソリューションズ株式会社,https://www.wantedly.com/companies/company_1060674
株）アンティー・ファクトリー,https://www.wantedly.com/companies/un-Tfactory
合同会社Ｕ,https://www.wantedly.com/companies/bon_yadoU
株式会社Co-LABO MAKER,https://www.wantedly.com/companies/co-labo-maker
株式会社FULLCOMMISSION,https://www.wantedly.com/companies/FULLCOMMISSION
株式会社Wasshoi Lab,https://www.wantedly.com/companies/visittohoku
株式会社EachWorth,https://www.wantedly.com/companies/company_1442634
プランティオ株式会社,https://www.wantedly.com/companies/plantio2
株式会社バトン,https://www.wantedly.com/companies/baton2
マルゴト株式会社,https://www.wantedly.com/companies/marugoto
株式会社芦別スターライトホテル,https://www.wantedly.com/companies/company_8560282
マネックス証券株式会社,https://www.wantedly.com/companies/monexsec
有限会社神馬建設,https://www.wantedly.com/companies/company_8368641
株式会社クルイト,https://www.wantedly.com/companies/clueit
ユニバースジャパン株式会社,https://www.wantedly.com/companies/unvs
エデュケーショナル・デザイン株式会社,https://www.wantedly.com/companies/educationaldesign
株式会社Happy Quality,https://www.wantedly.com/companies/happy_quality
EXPACT株式会社,https://www.wantedly.com/companies/expact
株式会社トクイテン,https://www.wantedly.com/companies/company_9136306
株式会社ベイス,https://www.wantedly.com/companies/base-net
株式会社　創造舎,https://www.wantedly.com/companies/Sozosya0542502121
株式会社ラヴレターズ,https://www.wantedly.com/companies/company_4968
スリーカウント株式会社,https://www.wantedly.com/companies/three-count
加和太建設株式会社,https://www.wantedly.com/companies/kawata
岸保産業株式会社,https://www.wantedly.com/companies/company_4045604
株式会社ＥＤＵＣＯＭ,https://www.wantedly.com/companies/company_1162709
株式会社旅する温泉道場,https://www.wantedly.com/companies/company_9443998
CreativeOut,https://www.wantedly.com/companies/creative-out
株式会社エムスクエア・ラボ,https://www.wantedly.com/companies/m2-labo
CryptoGames株式会社,https://www.wantedly.com/companies/cryptogames
ディップ株式会社,https://www.wantedly.com/companies/dip
株式会社ストラテジーアンドパートナー,https://www.wantedly.com/companies/strategy-jp
株式会社ボーダレスシティ,https://www.wantedly.com/companies/dantame
FunTech株式会社,https://www.wantedly.com/companies/fun-tech
株式会社Grid Solutions ,https://www.wantedly.com/companies/nishihara-energy
GMOビューティー株式会社,https://www.wantedly.com/companies/kumapon
株式会社BitStar,https://www.wantedly.com/companies/bitstar7
ラストマイルワークス株式会社,https://www.wantedly.com/companies/lastmile-works
株式会社AppBrew,https://www.wantedly.com/companies/appbrew
株式会社ブルード,https://www.wantedly.com/companies/uboook
株式会社プログリット,https://www.wantedly.com/companies/progrit
株式会社SocialDog,https://www.wantedly.com/companies/socialdog
株式会社ライフスポーツ,https://www.wantedly.com/companies/lifesports
Terra Drone株式会社,https://www.wantedly.com/companies/terra-drone
株式会社Nexceed,https://www.wantedly.com/companies/nexceed
株式会社pluszero,https://www.wantedly.com/companies/company_1512306
株式会社ジュニ,https://www.wantedly.com/companies/junni
東京ロボティクス株式会社,https://www.wantedly.com/companies/robotics
株式会社コンテンツワン,https://www.wantedly.com/companies/contents-one
株式会社いろはにぽぺと,https://www.wantedly.com/companies/irohanipopeto
株式会社 アカリ,https://www.wantedly.com/companies/akari
株式会社G・B・S,https://www.wantedly.com/companies/gbservice
株式会社dotD,https://www.wantedly.com/companies/company_7005547
TieSet Inc.,https://www.wantedly.com/companies/tieset
株式会社OpenFashion,https://www.wantedly.com/companies/omnisinc
TECHFUND Inc.,https://www.wantedly.com/companies/techfund
株式会社ワールドワイドウィングス,https://www.wantedly.com/companies/wingskidsfamily
株式会社TERASS,https://www.wantedly.com/companies/terass
株式会社ミラティブ,https://www.wantedly.com/companies/mirrativ
株式会社NATSLIVE,https://www.wantedly.com/companies/company_6865406
株式会社JGコーポレーション,https://www.wantedly.com/companies/jgcorporation
SEQSENSE株式会社,https://www.wantedly.com/companies/seqsense
LLL inc.,https://www.wantedly.com/companies/lll-inc
ちゅくる株式会社,https://www.wantedly.com/companies/company_7459881
株式会社スマートドライブ,https://www.wantedly.com/companies/smartdrive
株式会社Everforth,https://www.wantedly.com/companies/everforth
株式会社Knocknote,https://www.wantedly.com/companies/knocknote
ユーザーライク株式会社,https://www.wantedly.com/companies/userlike
Repro Inc.,https://www.wantedly.com/companies/repro
株式会社スペースシフト,https://www.wantedly.com/companies/spaceshift
株式会社ネクプロ,https://www.wantedly.com/companies/company_9123504
株式会社グッドパッチ,https://www.wantedly.com/companies/goodpatch
O: inc.,https://www.wantedly.com/companies/o-inc
株式会社ログラス,https://www.wantedly.com/companies/loglass
KYOKYU株式会社,https://www.wantedly.com/companies/KYOKYU
リバース株式会社,https://www.wantedly.com/companies/3backs
株式会社ノーススター,https://www.wantedly.com/companies/company_5008831
株式会社クアリタ,https://www.wantedly.com/companies/qualita-lab
株式会社ヘルスベイシス,https://www.wantedly.com/companies/company_7017771
株式会社オリサンキュ,https://www.wantedly.com/companies/company_4824699
株式会社Samurai,https://www.wantedly.com/companies/samurainet
株式会社カドベヤ,https://www.wantedly.com/companies/kadobeya
株式会社Luxy,https://www.wantedly.com/companies/luxy-inc
株式会社palan,https://www.wantedly.com/companies/palan
INTLOOP株式会社,https://www.wantedly.com/companies/intloop
株式会社Gizumo,https://www.wantedly.com/companies/gizumo-inc
株式会社Arkth,https://www.wantedly.com/companies/company_1593635
株式会社エムアイ・ラボ,https://www.wantedly.com/companies/milab-inc
株式会社ストロボ,https://www.wantedly.com/companies/strobo-inc
株式会社ライブエスト ,https://www.wantedly.com/companies/company_3128903
株式会社LITALICO,https://www.wantedly.com/companies/litalico-co
FAKE,https://www.wantedly.com/companies/company_7290918
X Mile株式会社,https://www.wantedly.com/companies/xmile
株式会社TUUUBE,https://www.wantedly.com/companies/company_2776048
株式会社FLAT,https://www.wantedly.com/companies/wd-flat
株式会社ラスファクトリー,https://www.wantedly.com/companies/lasfactory
トラベルブック株式会社,https://www.wantedly.com/companies/travelbook
Priv Tech株式会社,https://www.wantedly.com/companies/company_7904064
株式会社GROW,https://www.wantedly.com/companies/company_7305723
Nadia株式会社,https://www.wantedly.com/companies/oceans_corp
ファーストループテクノロジー株式会社,https://www.wantedly.com/companies/firstloop-tech
株式会社futurelabo,https://www.wantedly.com/companies/futurelabo
ミイダス株式会社,https://www.wantedly.com/companies/company_6435340
株式会社Studio Ousia,https://www.wantedly.com/companies/ousia
株式会社フロネシス,https://www.wantedly.com/companies/phronesis3
きびだんご株式会社,https://www.wantedly.com/companies/kibidango
株式会社SENRI,https://www.wantedly.com/companies/senriltd
株式会社デジタル・デザイナーズ・スタジオ,https://www.wantedly.com/companies/ddstd
株式会社favy,https://www.wantedly.com/companies/favy2
株式会社ACES,https://www.wantedly.com/companies/acesinc
株式会社SPIN TECHNOLOGY,https://www.wantedly.com/companies/spintechnology_0901
株式会社 カニカピラ,https://www.wantedly.com/companies/kani
キズナプラス株式会社,https://www.wantedly.com/companies/kizuna-plus
株式会社プレミアムアーツ,https://www.wantedly.com/companies/premiumartsinc
株式会社エフ・コード,https://www.wantedly.com/companies/f-code
有限会社ウィンビット,https://www.wantedly.com/companies/winbit
株式会社Doctorbook,https://www.wantedly.com/companies/doctorbook
TDAI Lab,https://www.wantedly.com/companies/company_2215096
Digital monkey inc.,https://www.wantedly.com/companies/digitalmonkey-inc
株式会社DATAFLUCT,https://www.wantedly.com/companies/datafluct
GROOVE X株式会社,https://www.wantedly.com/companies/groove-x
株式会社Precious Analytics,https://www.wantedly.com/companies/company_4987872
株式会社スカイベイビーズ,https://www.wantedly.com/companies/skybabies
レイルリンク株式会社,https://www.wantedly.com/companies/raillink-jp
株式会社Study Valley,https://www.wantedly.com/companies/company_1552383
iput.inc,https://www.wantedly.com/companies/company_892553
Studio ENTRE株式会社,https://www.wantedly.com/companies/studioENTRE
アクロスロード株式会社,https://www.wantedly.com/companies/axrossroad
株式会社メイツ,https://www.wantedly.com/companies/mates-edu
株式会社NSグループ,https://www.wantedly.com/companies/company_8257999
株式会社Speee,https://www.wantedly.com/companies/speee
ゴールドウェア株式会社,https://www.wantedly.com/companies/goldware
株式会社Cheer,https://www.wantedly.com/companies/company_1485824
株式会社ジョイゾー,https://www.wantedly.com/companies/joyzo
株式会社クラウドワークス,https://www.wantedly.com/companies/crowdworks2
株式会社トランスリミット,https://www.wantedly.com/companies/translimit
株式会社monoii,https://www.wantedly.com/companies/monoii
株式会社sinka,https://www.wantedly.com/companies/sinka
株式会社add more,https://www.wantedly.com/companies/add-more
株式会社マノア・リノ,https://www.wantedly.com/companies/company_4284775
人和ネットワーク,https://www.wantedly.com/companies/company_3597282
株式会社ネクサスエージェント,https://www.wantedly.com/companies/nexus-agent
株式会社プレイド,https://www.wantedly.com/companies/plaid
株式会社レターファン,https://www.wantedly.com/companies/letterfan
NABLAS,https://www.wantedly.com/companies/nablas
株式会社SalesNow,https://www.wantedly.com/companies/company_9613540
株式会社Ridge-i,https://www.wantedly.com/companies/ridge-i
株式会社Livetoon,https://www.wantedly.com/companies/company_1946877
株式会社Poetics,https://www.wantedly.com/companies/poetics
株式会社アットマーク・ソリューション,https://www.wantedly.com/companies/company_8793115
株式会社サイバーエージェント,https://www.wantedly.com/companies/cyberagent
株式会社estra,https://www.wantedly.com/companies/company_8518790
株式会社EQUES,https://www.wantedly.com/companies/company_6691299
ユカイ工学,https://www.wantedly.com/companies/yukaikk
株式会社アークネクト,https://www.wantedly.com/companies/company_5365255
株式会社Hubble,https://www.wantedly.com/companies/hubble-inc
TOWN株式会社,https://www.wantedly.com/companies/towninc
株式会社EMoshU,https://www.wantedly.com/companies/company_2934955
OH MY GOD株式会社,https://www.wantedly.com/companies/company_3626223
株式会社データＸ,https://www.wantedly.com/companies/data-x2
株式会社インテリジェントフォース,https://www.wantedly.com/companies/intelligentforce2024
AnyReach株式会社,https://www.wantedly.com/companies/anyreach
株式会社ヒュープロ,https://www.wantedly.com/companies/hupro-inc
株式会社Her's,https://www.wantedly.com/companies/company_4005279
株式会社タイミー,https://www.wantedly.com/companies/Timee
Fiah株式会社,https://www.wantedly.com/companies/company_5472830
株式会社DIRIGIO,https://www.wantedly.com/companies/dirigio2
ランディット株式会社,https://www.wantedly.com/companies/company_7571953
株式会社ユーザベース,https://www.wantedly.com/companies/uzabase-inc
株式会社レボーン,https://www.wantedly.com/companies/company_4574846
株式会社リチェルカ,https://www.wantedly.com/companies/company_6358176
株式会社プロパゲート,https://www.wantedly.com/companies/propagate
株式会社DONUTS,https://www.wantedly.com/companies/donuts2007
株式会社Nwith,https://www.wantedly.com/companies/company_4904258
株式会社アイ・ディ・エイチ,https://www.wantedly.com/companies/company_8351772
株式会社メディアライツ,https://www.wantedly.com/companies/company_474428
株式会社アルス・ウェアー,https://www.wantedly.com/companies/company_4034969
燈株式会社,https://www.wantedly.com/companies/company_8250113
株式会社デザインワン・ジャパン,https://www.wantedly.com/companies/designone
株式会社Techouse,https://www.wantedly.com/companies/techouse
株式会社スピードリンクジャパン,https://www.wantedly.com/companies/speedlink-td
株式会社Lightblue,https://www.wantedly.com/companies/lightblue-tech
株式会社ispec,https://www.wantedly.com/companies/tech7
株式会社 YAZ,https://www.wantedly.com/companies/yaz
株式会社WorldHacks,https://www.wantedly.com/companies/company_5301664
株式会社いえらぶGROUP,https://www.wantedly.com/companies/company_3959443
株式会社コムスクエア,https://www.wantedly.com/companies/comsq
株式会社ヒプスター,https://www.wantedly.com/companies/hipster
株式会社ライフ,https://www.wantedly.com/companies/life2022
株式会社STVテック,https://www.wantedly.com/companies/stv-tech
株式会社キカガク,https://www.wantedly.com/companies/kikagaku
RANA UNITED　ラナユナイテッド,https://www.wantedly.com/companies/ranadesign
クラスター株式会社,https://www.wantedly.com/companies/cluster
株式会社GameWith,https://www.wantedly.com/companies/gamewith
株式会社SoLabo,https://www.wantedly.com/companies/so-labo
playground株式会社,https://www.wantedly.com/companies/playground
株式会社 Proxima Technology,https://www.wantedly.com/companies/company_5463891
株式会社メンテル,https://www.wantedly.com/companies/company_5941526
株式会社ANIMA GROUP,https://www.wantedly.com/companies/anima-group
タイムリープ株式会社,https://www.wantedly.com/companies/company_9191819
株式会社neoAI,https://www.wantedly.com/companies/neoAI
株式会社ABEJA,https://www.wantedly.com/companies/abeja
株式会社Astran,https://www.wantedly.com/companies/company_1042899
タビアン株式会社,https://www.wantedly.com/companies/tabian
株式会社STAYGOLD,https://www.wantedly.com/companies/staygold-sg
T.f.a. Association株式会社,https://www.wantedly.com/companies/tfa-association
株式会社インフラトップ,https://www.wantedly.com/companies/infratop3
株式会社ジザイエ,https://www.wantedly.com/companies/jizaie
株式会社オルベック,https://www.wantedly.com/companies/company_3081994
GBP株式会社,https://www.wantedly.com/companies/company_9503446
株式会社BabyJam,https://www.wantedly.com/companies/company_6372603
株式会社HADO,https://www.wantedly.com/companies/company_161314
株式会社PR TIMES,https://www.wantedly.com/companies/prtimes
Onplanetz株式会社,https://www.wantedly.com/companies/onplanetz
加藤貿易株式会社,https://www.wantedly.com/companies/katotrade
株式会社アーキベース,https://www.wantedly.com/companies/archibase
株式会社Almondo,https://www.wantedly.com/companies/almondotech
トグルホールディングス株式会社,https://www.wantedly.com/companies/company_5497004
AnyMind Group,https://www.wantedly.com/companies/adasiaholdings
株式会社Kiei,https://www.wantedly.com/companies/company_5548390
株式会社ユービーセキュア,https://www.wantedly.com/companies/ubsecure
オイシックス・ラ・大地株式会社,https://www.wantedly.com/companies/oisixradaichi
株式会社Blankr,https://www.wantedly.com/companies/company_7800957
"MICIN, Inc.",https://www.wantedly.com/companies/micin
TechSuite株式会社,https://www.wantedly.com/companies/company_7286374
ヒラソル・エナジー株式会社,https://www.wantedly.com/companies/girasol2021
株式会社ヤプリ,https://www.wantedly.com/companies/yappli
ソフトバンクロボティクス株式会社,https://www.wantedly.com/companies/softbankrobotics
株式会社ティーサイド,https://www.wantedly.com/companies/company_6364246
ax株式会社,https://www.wantedly.com/companies/company_8272971
株式会社GenAi,https://www.wantedly.com/companies/company_462053
株式会社dual&Co.,https://www.wantedly.com/companies/dual
株式会社テクノチェーン,https://www.wantedly.com/companies/technochain526
株式会社ラディウス・ファイブ,https://www.wantedly.com/companies/company_radius5
株式会社カナリー,https://www.wantedly.com/companies/canary-inc
AICE株式会社,https://www.wantedly.com/companies/company_6678176
Axera Japan合同会社,https://www.wantedly.com/companies/company_7243467
"Global Walkers, Inc ",https://www.wantedly.com/companies/globalwalkers
ランサーズ株式会社,https://www.wantedly.com/companies/lancers
株式会社Nuco,https://www.wantedly.com/companies/company_8285417
株式会社Sapeet,https://www.wantedly.com/companies/sapeet
株式会社AVILEN,https://www.wantedly.com/companies/company_9747892
Ruten株式会社,https://www.wantedly.com/companies/company_4617510
アヴァント株式会社,https://www.wantedly.com/companies/company_6113585
Synflux株式会社,https://www.wantedly.com/companies/synflux
ネクストレージ株式会社,https://www.wantedly.com/companies/company_1566833
株式会社バンタン,https://www.wantedly.com/companies/vantan
株式会社ユヒーロ,https://www.wantedly.com/companies/uhero-corp
株式会社gifts,https://www.wantedly.com/companies/company_769988
REHATCH株式会社,https://www.wantedly.com/companies/company_5515343
株式会社Soft House Concierge,https://www.wantedly.com/companies/sh-concierge
株式会社最強,https://www.wantedly.com/companies/company_3892989
株式会社シーエスコミュニケーション,https://www.wantedly.com/companies/cs-com
DiGRIT Technologies株式会社,https://www.wantedly.com/companies/DG_Tech
株式会社AlbaLink,https://www.wantedly.com/companies/albalink
株式会社マツリカ,https://www.wantedly.com/companies/mazrica
イタンジ株式会社,https://www.wantedly.com/companies/itandi
株式会社フィックスターズ,https://www.wantedly.com/companies/fixstars
COSOJI株式会社,https://www.wantedly.com/companies/company_2860207
GEOTRA,https://www.wantedly.com/companies/company_5113234
株式会社アイエスエイプラン,https://www.wantedly.com/companies/isa-plan2
フィデックス株式会社,https://www.wantedly.com/companies/company_9869887
株式会社TAIAN,https://www.wantedly.com/companies/taian
株式会社ドリーム・アーツ,https://www.wantedly.com/companies/dreamarts
リアルワールドゲームス株式会社,https://www.wantedly.com/companies/realworldgames
株式会社ライトマークス,https://www.wantedly.com/companies/lightmarks
株式会社Antway,https://www.wantedly.com/companies/company_9312698
"ambr, Inc.",https://www.wantedly.com/companies/ambr
アクセルユニバース株式会社,https://www.wantedly.com/companies/company_1682347
株式会社W8SYSTEMS,https://www.wantedly.com/companies/company_4916974
株式会社チトセロボティクス ,https://www.wantedly.com/companies/chitose-robotics
株式会社JDSC,https://www.wantedly.com/companies/jdsc
株式会社Berry,https://www.wantedly.com/companies/berryinc
創創株式会社,https://www.wantedly.com/companies/company_9434627
マイクロベース株式会社,https://www.wantedly.com/companies/company_2609139
株式会社アトラエ,https://www.wantedly.com/companies/atrae
madoguchi株式会社,https://www.wantedly.com/companies/madoguchi
株式会社オータム,https://www.wantedly.com/companies/company_6697721
ポップコーン株式会社,https://www.wantedly.com/companies/bar701
The Innovative Company STARTIASOFT,https://www.wantedly.com/companies/company_1786736
株式会社アクシスホールディングス,https://www.wantedly.com/companies/company_1970307
株式会社グリモア,https://www.wantedly.com/companies/grimoire
株式会社primeNumber,https://www.wantedly.com/companies/company_7675871
Arches Corporation / アーチーズ株式会社,https://www.wantedly.com/companies/company_1881565
BlueBank株式会社,https://www.wantedly.com/companies/bluebank
株式会社アンド・ディ,https://www.wantedly.com/companies/and-d
bravesoft株式会社,https://www.wantedly.com/companies/www-bravesoft-co-jp
株式会社FIND,https://www.wantedly.com/companies/company_6442126
株式会社シナスタジア,https://www.wantedly.com/companies/company_793206
GOYOH Inc. ,https://www.wantedly.com/companies/goyoh
株式会社DYMキャリア,https://www.wantedly.com/companies/company_7012093
株式会社Multifverse,https://www.wantedly.com/companies/multifverse
株式会社トラスクエタ,https://www.wantedly.com/companies/trusquetta
株式会社 Panta Rhei,https://www.wantedly.com/companies/company_4919460
株式会社sci-bone,https://www.wantedly.com/companies/company_7902573
株式会社エイトノット,https://www.wantedly.com/companies/eightknot
Y&I Group株式会社,https://www.wantedly.com/companies/y-i-group
株式会社ミライ工事,https://www.wantedly.com/companies/company_4317682
株式会社GOODROID,https://www.wantedly.com/companies/company_7785516
手間いらず株式会社,https://www.wantedly.com/companies/temairazu
株式会社Crepity,https://www.wantedly.com/companies/company_796878
おいしい健康,https://www.wantedly.com/companies/oishi-kenko
"Archeda, Inc.",https://www.wantedly.com/companies/company_3281693
株式会社HashPort,https://www.wantedly.com/companies/company_2908299
株式会社CFPコンサルティング,https://www.wantedly.com/companies/cfp-consulting
nook株式会社,https://www.wantedly.com/companies/company_1912108
ラクビル株式会社,https://www.wantedly.com/companies/rakbil
株式会社アラヤ/Araya Inc.,https://www.wantedly.com/companies/araya
株式会社Luup,https://www.wantedly.com/companies/company_7187947
株式会社Eye Universe,https://www.wantedly.com/companies/Eye_Universe
スパイスファクトリー株式会社,https://www.wantedly.com/companies/spice-factory
はてなベース株式会社,https://www.wantedly.com/companies/company_2336297
株式会社Gaia Vision,https://www.wantedly.com/companies/company_6612437
株式会社TODOROKI,https://www.wantedly.com/companies/company_4627777
ファビウス株式会社,https://www.wantedly.com/companies/m-hearts
株式会社SMbrand,https://www.wantedly.com/companies/smbrand
株式会社yutori,https://www.wantedly.com/companies/yutori2
Plan C （グループ）,https://www.wantedly.com/companies/planc
株式会社ブルズ,https://www.wantedly.com/companies/bullz2
株式会社シックスティーパーセント,https://www.wantedly.com/companies/company_5381786
Tastemade Japan 株式会社,https://www.wantedly.com/companies/bit
株式会社フーモア,https://www.wantedly.com/companies/whomor
株式会社KONNEKT INTERNATIONAL,https://www.wantedly.com/companies/thisisyr2
株式会社N.D.Promotion,https://www.wantedly.com/companies/ndpromotion
株式会社Mint'zPlanning,https://www.wantedly.com/companies/mintzplanning
SideKicks株式会社,https://www.wantedly.com/companies/SideKicks
株式会社アステル,https://www.wantedly.com/companies/company_5853486
株式会社STPR,https://www.wantedly.com/companies/company_3911859
オーガニックグループ株式会社,https://www.wantedly.com/companies/organicgroup
株式会社Vook,https://www.wantedly.com/companies/company_8322911
株式会社サン,https://www.wantedly.com/companies/company_1490665
スマサガ不動産 株式会社 ,https://www.wantedly.com/companies/suma-saga
株式会社パーマネントイエローオレンジ,https://www.wantedly.com/companies/company_4655311
株式会社アダビト,https://www.wantedly.com/companies/adavito
株式会社NOROSHI,https://www.wantedly.com/companies/company_1882860
ZYLA,https://www.wantedly.com/companies/company_3116639
株式会社STORY&Co.,https://www.wantedly.com/companies/storyandco
MYTHRIL Inc.（ミスリル株式会社）,https://www.wantedly.com/companies/company_3239475
インピネス株式会社,https://www.wantedly.com/companies/company_6076232
23(トゥースリー)株式会社,https://www.wantedly.com/companies/23-creative
株式会社木下商会,https://www.wantedly.com/companies/kinomoto-firm
株式会社柴田屋酒店,https://www.wantedly.com/companies/shibataya
株式会社Nagisa,https://www.wantedly.com/companies/Nagisa
株式会社Barbara Pool,https://www.wantedly.com/companies/barbarapool
株式会社heart relation,https://www.wantedly.com/companies/company_6776455
forest株式会社,https://www.wantedly.com/companies/forest-inc
Tokyo Lighting Design合同会社,https://www.wantedly.com/companies/tokyolighting
デザインファースト株式会社,https://www.wantedly.com/companies/designfirst
株式会社エイト,https://www.wantedly.com/companies/eight
株式会社Coogee,https://www.wantedly.com/companies/coogee
株式会社FUNEE,https://www.wantedly.com/companies/funee
株式会社ＪＣＧ,https://www.wantedly.com/companies/jcg
Ｂａｒｉｓｔａ株式会社,https://www.wantedly.com/companies/barista-inc
株式会社令和トラベル,https://www.wantedly.com/companies/reiwatravel
株式会社ホリプロデジタルエンターテインメント,https://www.wantedly.com/companies/company_3218622
株式会社giobai,https://www.wantedly.com/companies/company_9821083
mederi株式会社,https://www.wantedly.com/companies/mederi
株式会社Ptmind,https://www.wantedly.com/companies/ptmind
もったいない株式会社,https://www.wantedly.com/companies/company_7297979
Bees&Honey株式会社,https://www.wantedly.com/companies/beeshoney
ON CO.LTD. / 株式会社ON,https://www.wantedly.com/companies/zoccon
Paradigm AI株式会社,https://www.wantedly.com/companies/paradigmai
株式会社curioswitch,https://www.wantedly.com/companies/curioswitch
株式会社GIG,https://www.wantedly.com/companies/giginc
ア・ライトハウス・カナタ,https://www.wantedly.com/companies/lighthousekanata
株式会社コロプラ,https://www.wantedly.com/companies/colopl
株式会社uyet,https://www.wantedly.com/companies/uyet
CROOZ SHOPLIST株式会社,https://www.wantedly.com/companies/shoplist
株式会社ユニバーサル園芸社,https://www.wantedly.com/companies/uni-green
株式会社VOISING,https://www.wantedly.com/companies/voising_2022
ランウェイ・エージェンシー株式会社,https://www.wantedly.com/companies/company_8251287
株式会社ホットリンク,https://www.wantedly.com/companies/hottolink
イクシアス株式会社,https://www.wantedly.com/companies/company_3973538
株式会社バリュークリエイト,https://www.wantedly.com/companies/company_1209291
Co-Growth株式会社,https://www.wantedly.com/companies/company_1448907
株式会社ルナファクトリー,https://www.wantedly.com/companies/lunafactory
Konel,https://www.wantedly.com/companies/company_143124
ナウビレッジ株式会社,https://www.wantedly.com/companies/company_3274913
株式会社ワンキャリア,https://www.wantedly.com/companies/onecareer
株式会社アドシード,https://www.wantedly.com/companies/company_7530958
株式会社BOTANIC,https://www.wantedly.com/companies/botanic
MyDearest株式会社,https://www.wantedly.com/companies/mydearestvr
世界株式会社,https://www.wantedly.com/companies/company_9923664
株式会社ICEONE,https://www.wantedly.com/companies/company_7003519
イノマルケティノ株式会社,https://www.wantedly.com/companies/inomarketino
SHIRORU株式会社,https://www.wantedly.com/companies/company_shiroru
株式会社Leading Communication,https://www.wantedly.com/companies/le-commu
株式会社NOGIC,https://www.wantedly.com/companies/company_5774099
株式会社RYOMA,https://www.wantedly.com/companies/company_4525954
SNOW Japan株式会社,https://www.wantedly.com/companies/snowcorp
株式会社yep,https://www.wantedly.com/companies/company_2810008
株式会社ハイボール,https://www.wantedly.com/companies/company_7791489
株式会社このめ,https://www.wantedly.com/companies/konome
株式会社ニジュウロクド,https://www.wantedly.com/companies/company_9893948
株式会社GOAL-B,https://www.wantedly.com/companies/company_6730387
株式会社AINEXT,https://www.wantedly.com/companies/company_686692
株式会社リアレーション,https://www.wantedly.com/companies/realation
株式会社クレイン,https://www.wantedly.com/companies/company_crane
identify株式会社,https://www.wantedly.com/companies/company_666372
株式会社ダイヤモンドファンタジー,https://www.wantedly.com/companies/diamond-f
ロックスタ株式会社,https://www.wantedly.com/companies/top6
studio15株式会社,https://www.wantedly.com/companies/studio15
株式会社GMPインターナショナル,https://www.wantedly.com/companies/company_4756966
NOWALL株式会社,https://www.wantedly.com/companies/company_7738228
株式会社リライアス,https://www.wantedly.com/companies/relyus
株式会社Wonderlabo,https://www.wantedly.com/companies/company_5014934
エム・ティ・プランニング株式会社,https://www.wantedly.com/companies/mt-planning
"ookami, inc.",https://www.wantedly.com/companies/ookami
株式会社FIREBUG,https://www.wantedly.com/companies/company_2324862
株式会社イノベーション,https://www.wantedly.com/companies/innovation-co
Coto World 株式会社,https://www.wantedly.com/companies/cotoworld
株式会社ファッションニュース通信社,https://www.wantedly.com/companies/company_3444886
有限会社ソラ,https://www.wantedly.com/companies/sora-w
シンゲキ株式会社,https://www.wantedly.com/companies/company_shingeki
Alche株式会社,https://www.wantedly.com/companies/alche
株式会社PLAN-B,https://www.wantedly.com/companies/plan-b
FLASH株式会社,https://www.wantedly.com/companies/company_9681820
株式会社学びエイド,https://www.wantedly.com/companies/company_5867485
株式会社CyberACE,https://www.wantedly.com/companies/company_5212273
"UPSIDER, Inc.",https://www.wantedly.com/companies/up-sider
Zinger株式会社,https://www.wantedly.com/companies/company_2166509
合同会社アンスリウム,https://www.wantedly.com/companies/Anthurium_llc
株式会社HIKIFUDA,https://www.wantedly.com/companies/HIKIFUDA
株式会社ClaN Entertainment,https://www.wantedly.com/companies/company_7437105
有限会社スクラムライス,https://www.wantedly.com/companies/smappagroup
株式会社イチロクザンニ,https://www.wantedly.com/companies/company_4444907
網易娯楽株式会社,https://www.wantedly.com/companies/company_3663643
カルトン株式会社,https://www.wantedly.com/companies/carton-inc
株式会社ブライナリー,https://www.wantedly.com/companies/company_5919487
株式会社トリピ,https://www.wantedly.com/companies/tripi
カルチュアルライフ株式会社,https://www.wantedly.com/companies/company_4110469
株式会社Days,https://www.wantedly.com/companies/days365
株式会社アップグレード,https://www.wantedly.com/companies/upgradeinc
株式会社カウンターワークス,https://www.wantedly.com/companies/counterworks
株式会社 Purpom Media Lab,https://www.wantedly.com/companies/purpommedialab
The Chain Museum,https://www.wantedly.com/companies/t-c-m
株式会社EISHIN,https://www.wantedly.com/companies/company_930046
株式会社ぐいっと,https://www.wantedly.com/companies/guitto
株式会社Brave group,https://www.wantedly.com/companies/bravegroup
Ｃｏｌｉｂｒｉ合同会社,https://www.wantedly.com/companies/company_332346
株式会社Gaji-Labo,https://www.wantedly.com/companies/gaji
株式会社NONAME Produce,https://www.wantedly.com/companies/n2p
株式会社CAMBR,https://www.wantedly.com/companies/company_7252682
株式会社光文社　女性誌メディア（第一編集局）,https://www.wantedly.com/companies/company_257252
株式会社Prorium,https://www.wantedly.com/companies/company_5562956
株式会社アンティル,https://www.wantedly.com/companies/company_5614832
Speak,https://www.wantedly.com/companies/company_7097610
(株)ダイナマイトブラザーズシンジケート,https://www.wantedly.com/companies/dbs
株式会社HATCH,https://www.wantedly.com/companies/company_8594472
株式会社aquwa,https://www.wantedly.com/companies/aquwa-co
株式会社ジョリーグッド,https://www.wantedly.com/companies/jollygood
株式会社なゆたネット,https://www.wantedly.com/companies/company_9104114
株式会社アプラ,https://www.wantedly.com/companies/company_1574568
株式会社O'z,https://www.wantedly.com/companies/company_982575
株式会社Essence Group,https://www.wantedly.com/companies/company_6325215
株式会社Vincures,https://www.wantedly.com/companies/company_4536074
株式会社NeoRealX,https://www.wantedly.com/companies/company_6036171
株式会社Zealox,https://www.wantedly.com/companies/company_4645438
株式会社JV Studio,https://www.wantedly.com/companies/jointventure
株式会社AMASIA,https://www.wantedly.com/companies/company_9226059
株式会社Musubi Lab,https://www.wantedly.com/companies/company_4063130
PXC株式会社,https://www.wantedly.com/companies/company_6805045
GROVE株式会社,https://www.wantedly.com/companies/grove
株式会社RIN,https://www.wantedly.com/companies/company_8663596
株式会社センキョ,https://www.wantedly.com/companies/company_3996772
株式会社コネクター・ジャパン,https://www.wantedly.com/companies/cnctor
株式会社indi,https://www.wantedly.com/companies/company_7666445
そろタッチ株式会社,https://www.wantedly.com/companies/sorotouch
株式会社Another works,https://www.wantedly.com/companies/company_2691496
sixbond株式会社,https://www.wantedly.com/companies/sixbond
Rox株式会社,https://www.wantedly.com/companies/rox-inc
株式会社BONNOU,https://www.wantedly.com/companies/company_8545262
株式会社サンシナジー,https://www.wantedly.com/companies/company_4232027
ユニファースト株式会社,https://www.wantedly.com/companies/unifast
ytvメディアデザイン,https://www.wantedly.com/companies/ytvmd
株式会社ネイリー,https://www.wantedly.com/companies/nailie
フォースバレー・コンシェルジュ株式会社,https://www.wantedly.com/companies/4th-valley
株式会社LuaaZ,https://www.wantedly.com/companies/company_7569600
株式会社 スターミュージック・エンタテインメント,https://www.wantedly.com/companies/starmusic
㈱STAGEON,https://www.wantedly.com/companies/company_397589
株式会社ラジアン,https://www.wantedly.com/companies/company_9888840
株式会社LIFE PEPPER,https://www.wantedly.com/companies/lifepepper
NEW STANDARD株式会社（旧株式会社TABILABO）,https://www.wantedly.com/companies/tabilabo
ハウスバード株式会社,https://www.wantedly.com/companies/housebirdjapans
株式会社Plott,https://www.wantedly.com/companies/plott
株式会社Forest Dali,https://www.wantedly.com/companies/company_1991522
株式会社プレックス,https://www.wantedly.com/companies/plex
株式会社コプラス,https://www.wantedly.com/companies/company_4406219
株式会社Synayaka,https://www.wantedly.com/companies/company_8184535
株式会社hayaoki,https://www.wantedly.com/companies/company_6336403
株式会社DoFull,https://www.wantedly.com/companies/company_dofull
株式会社イグジットフィルム,https://www.wantedly.com/companies/exitfilm
（株）灯白社,https://www.wantedly.com/companies/tohakusha
株式会社gracemode,https://www.wantedly.com/companies/company_3864862
株式会社BLAM,https://www.wantedly.com/companies/blam
株式会社さの,https://www.wantedly.com/companies/company_6824777
PIA株式会社,https://www.wantedly.com/companies/company_pia
株式会社ドットエー,https://www.wantedly.com/companies/company_9191250
株式会社ナハト,https://www.wantedly.com/companies/nahato
EX4Energy株式会社,https://www.wantedly.com/companies/ex4energy
株式会社バチェラーデート,https://www.wantedly.com/companies/bachelor_date
株式会社NextNinja,https://www.wantedly.com/companies/nextninja
トレンダーズ株式会社,https://www.wantedly.com/companies/trenders
株式会社PLAYYTE,https://www.wantedly.com/companies/company_8128790
"Corpy & Co., Inc.",https://www.wantedly.com/companies/corpy
INI株式会社,https://www.wantedly.com/companies/ini
World Matcha株式会社 (Cuzen Matcha),https://www.wantedly.com/companies/cuzenmatcha
株式会社アシタへ,https://www.wantedly.com/companies/to_morrow
株式会社CyberOwl,https://www.wantedly.com/companies/cyberowl2
株式会社BINKS,https://www.wantedly.com/companies/company_3722650
YTコンサルティング株式会社,https://www.wantedly.com/companies/company_378010
ソルー株式会社,https://www.wantedly.com/companies/company_6129358
株式会社C.D.UNITED,https://www.wantedly.com/companies/company_5250764
株式会社Steadyy,https://www.wantedly.com/companies/company_8685312
株式会社One Acre,https://www.wantedly.com/companies/company_4394286
microverse株式会社,https://www.wantedly.com/companies/company_1499920
株式会社ＣＭａｔｒｉｘ,https://www.wantedly.com/companies/company_9128957
株式会社OASIZ,https://www.wantedly.com/companies/oasiz
株式会社メイキップ,https://www.wantedly.com/companies/makip
株式会社ＬＡＳＳＩＣ,https://www.wantedly.com/companies/lassic
ソウルドアウト株式会社,https://www.wantedly.com/companies/media_engine
株式会社Natee,https://www.wantedly.com/companies/natee
株式会社Yui's,https://www.wantedly.com/companies/company_1030516
キャリアフィールド株式会社,https://www.wantedly.com/companies/career-f
ワンメディア株式会社,https://www.wantedly.com/companies/onemedia
フロンティア株式会社,https://www.wantedly.com/companies/frontier-gr2
サクラス株式会社,https://www.wantedly.com/companies/sakuras
株式会社デジマケ,https://www.wantedly.com/companies/company_2188518
株式会社トラストリッジ,https://www.wantedly.com/companies/trustridge
株式会社スタッフライフ,https://www.wantedly.com/companies/stafflife
株式会社コルク,https://www.wantedly.com/companies/corkagency
サムライト株式会社,https://www.wantedly.com/companies/somewrite
株式会社SAMANSA,https://www.wantedly.com/companies/company_5722556
株式会社blueprint,https://www.wantedly.com/companies/blueprint
株式会社RETRIP,https://www.wantedly.com/companies/retrip
カイト株式会社,https://www.wantedly.com/companies/cayto
株式会社mov,https://www.wantedly.com/companies/mov
dely株式会社,https://www.wantedly.com/companies/dely
株式会社ソラジマ,https://www.wantedly.com/companies/company_8019001
株式会社FULL HOUSE,https://www.wantedly.com/companies/flhouse
ISHグループ株式会社,https://www.wantedly.com/companies/ishg
株式会社pamxy,https://www.wantedly.com/companies/company_5406914
株式会社Make Culture,https://www.wantedly.com/companies/company_4751765
株式会社リファイド,https://www.wantedly.com/companies/leaf-hide
アイムファクトリー株式会社,https://www.wantedly.com/companies/aim-factory
BuzzFeed Japan株式会社,https://www.wantedly.com/companies/buzzfeed
エボイス株式会社,https://www.wantedly.com/companies/company_6173255
株式会社MAGIA,https://www.wantedly.com/companies/company_800930
株式会社WORDS,https://www.wantedly.com/companies/company_8508164
株式会社FinT,https://www.wantedly.com/companies/fint
リディッシュ株式会社,https://www.wantedly.com/companies/redish2
株式会社アンビエントナビ,https://www.wantedly.com/companies/company_461188
株式会社GOKKO,https://www.wantedly.com/companies/company_9258938
株式会社R,https://www.wantedly.com/companies/company_4391985
株式会社教育新聞社,https://www.wantedly.com/companies/kyobun
株式会社トランスリアル,https://www.wantedly.com/companies/trancereal
Crescendo Lab,https://www.wantedly.com/companies/cresclab
株式会社SEKAISHA ,https://www.wantedly.com/companies/sekaisha
KOL株式会社,https://www.wantedly.com/companies/company_259839
good luck株式会社,https://www.wantedly.com/companies/goodluck01
クックパッド株式会社,https://www.wantedly.com/companies/cookpad
株式会社High Link,https://www.wantedly.com/companies/company_3381446
株式会社アクティバリューズ,https://www.wantedly.com/companies/activalues
ビューイング株式会社,https://www.wantedly.com/companies/company_4299671
エキサイトホールディングス株式会社,https://www.wantedly.com/companies/excite
株式会社キャリア・エックス,https://www.wantedly.com/companies/company_2326551
株式会社Minto,https://www.wantedly.com/companies/jimdo81
株式会社Parasol,https://www.wantedly.com/companies/parasol-inc
ローカルパワーエンジン株式会社,https://www.wantedly.com/companies/local-power-engine
オタライゼーション株式会社,https://www.wantedly.com/companies/company_7864600
INFOBAHN/Mediagene,https://www.wantedly.com/companies/company_2410354
株式会社キャパ,https://www.wantedly.com/companies/capa-inc
株式会社SAIマーケティング,https://www.wantedly.com/companies/company_7081416
朝日デジタルラボ,https://www.wantedly.com/companies/asahidigilab
Oh my teeth,https://www.wantedly.com/companies/ohmyteeth
株式会社トキハナ,https://www.wantedly.com/companies/rexit
株式会社ミギナナメウエ,https://www.wantedly.com/companies/miginanameue
Wovn Technologies株式会社,https://www.wantedly.com/companies/wovn
株式会社ナンバーナイン,https://www.wantedly.com/companies/no9
株式会社viviON,https://www.wantedly.com/companies/www-vivion-co
株式会社CODATUM,https://www.wantedly.com/companies/company_3445261
株式会社しんか,https://www.wantedly.com/companies/sinca
株式会社イード,https://www.wantedly.com/companies/iid
合同会社EGUUU,https://www.wantedly.com/companies/eguuu
株式会社KKDAY JAPAN,https://www.wantedly.com/companies/company_3057824
株式会社CACTAS,https://www.wantedly.com/companies/cactas
株式会社Spider  Labs,https://www.wantedly.com/companies/company_4156050
株式会社FOR YOU / FOR YOU Inc.,https://www.wantedly.com/companies/foru
株式会社Atip,https://www.wantedly.com/companies/company_7585104
株式会社オーダーワークス,https://www.wantedly.com/companies/company_300303
株式会社エニグモ,https://www.wantedly.com/companies/enigmo
株式会社ジャパンプ,https://www.wantedly.com/companies/japump
株式会社JJS,https://www.wantedly.com/companies/japanjobschool
株式会社ふんどし,https://www.wantedly.com/companies/company_2657865
株式会社セブンデックス,https://www.wantedly.com/companies/company_3997395
株式会社WEBY,https://www.wantedly.com/companies/weby
武内製薬株式会社,https://www.wantedly.com/companies/company_632671
株式会社ADrim,https://www.wantedly.com/companies/adrim
株式会社gaaboo,https://www.wantedly.com/companies/gaaboo3
株式会社ダイブ,https://www.wantedly.com/companies/apptli
株式会社ゼロイチラボ,https://www.wantedly.com/companies/zeroichilab
株式会社ジェネリー,https://www.wantedly.com/companies/genery
株式会社Roseau Pensant,https://www.wantedly.com/companies/roseaupensant
DFree株式会社,https://www.wantedly.com/companies/dfree
株式会社CyMed,https://www.wantedly.com/companies/cymed
A Inc.,https://www.wantedly.com/companies/acetokyo
株式会社Greenspoon,https://www.wantedly.com/companies/company_8930189
株式会社アンモナイトワークス,https://www.wantedly.com/companies/ammonite-works
株式会社newn,https://www.wantedly.com/companies/company_2058825
株式会社TAPP,https://www.wantedly.com/companies/tapp-co
XVOLVE GROUP,https://www.wantedly.com/companies/xvolvegroup
株式会社オレコン,https://www.wantedly.com/companies/orecon
株式会社　門崎,https://www.wantedly.com/companies/kakunosh
株式会社TENTIAL,https://www.wantedly.com/companies/tential
vivit株式会社,https://www.wantedly.com/companies/vivit
カソク株式会社,https://www.wantedly.com/companies/kasoku3
株式会社PA Communication,https://www.wantedly.com/companies/pa-c2
SOEL株式会社,https://www.wantedly.com/companies/soel
株式会社TOMAP,https://www.wantedly.com/companies/tomap
株式会社Romanz,https://www.wantedly.com/companies/company_1334293
株式会社DOTONE,https://www.wantedly.com/companies/company_1646248
株式会社エイチジェイ,https://www.wantedly.com/companies/hj-s
株式会社Loco Partners（Relux）,https://www.wantedly.com/companies/lcp
株式会社ライブ出版,https://www.wantedly.com/companies/live-publishing
株式会社ピアラ,https://www.wantedly.com/companies/piala
株式会社Wizleap,https://www.wantedly.com/companies/wizleap
SHE株式会社,https://www.wantedly.com/companies/company_912003
株式会社PEAK,https://www.wantedly.com/companies/peak-tokyo
デジタメ株式会社,https://www.wantedly.com/companies/digitame
株式会社LOGICA,https://www.wantedly.com/companies/company_9700133
Senjin Holdings,https://www.wantedly.com/companies/senjinholdings
株式会社Boomee,https://www.wantedly.com/companies/company_boomee
デロイト トーマツ LHit データビジョナリー株式会社,https://www.wantedly.com/companies/lhit
株式会社オンリーストーリー,https://www.wantedly.com/companies/onlystory
株式会社AmaductioN,https://www.wantedly.com/companies/company_7346587
ZEIN株式会社,https://www.wantedly.com/companies/zein
COUXU株式会社,https://www.wantedly.com/companies/couxu
株式会社iHack,https://www.wantedly.com/companies/company_6192301
合同会社五穀豊穣,https://www.wantedly.com/companies/gokokuhoujou
株式会社movel,https://www.wantedly.com/companies/company_7142773
株式会社HR team,https://www.wantedly.com/companies/hrteam2014
株式会社ABABA,https://www.wantedly.com/companies/company_8134109
サロウィン株式会社,https://www.wantedly.com/companies/company_841249
LIDDELL株式会社,https://www.wantedly.com/companies/liddell
株式会社アイクリエイト,https://www.wantedly.com/companies/i-crt
株式会社WILLCO,https://www.wantedly.com/companies/company_8278032
株式会社CREATIP,https://www.wantedly.com/companies/company_3195284
株式会社TIERRAS,https://www.wantedly.com/companies/company_2454760
株式会社フロントステージ,https://www.wantedly.com/companies/frontstage-pr
GIO CLUB株式会社,https://www.wantedly.com/companies/studyabroad
Plug and Play Japan,https://www.wantedly.com/companies/company_5615594
株式会社光ソフトウェア,https://www.wantedly.com/companies/company_7717240
株式会社ワクトリ,https://www.wantedly.com/companies/work-trip
SIVA Inc.,https://www.wantedly.com/companies/siva-s
株式会社シーオーメディカル,https://www.wantedly.com/companies/company_920061
株式会社ヒカリナ,https://www.wantedly.com/companies/hikarina
株式会社キャシュモ,https://www.wantedly.com/companies/cashmo
ダイナミックプラス株式会社,https://www.wantedly.com/companies/company_4812749
認定NPO法人かものはしプロジェクト,https://www.wantedly.com/companies/kamopj
株式会社Roams,https://www.wantedly.com/companies/company_3879360
株式会社ラ・クレタ,https://www.wantedly.com/companies/company_6825274
株式会社3WELL,https://www.wantedly.com/companies/company_4733678
株式会社OTONARI,https://www.wantedly.com/companies/gmail17
株式会社BESW,https://www.wantedly.com/companies/bes-japan
株式会社JELLYFISH,https://www.wantedly.com/companies/jellyfish
Guidable株式会社,https://www.wantedly.com/companies/guidable
株式会社みんせつ,https://www.wantedly.com/companies/msetsu
FORCE-R株式会社,https://www.wantedly.com/companies/company_6842510
株式会社Beyond Cafe,https://www.wantedly.com/companies/beyondcafe
株式会社ピアズ,https://www.wantedly.com/companies/peers
株式会社IGLOOO,https://www.wantedly.com/companies/iglooo
エレビスタ株式会社,https://www.wantedly.com/companies/erevista
KURO HOLDINGS株式会社,https://www.wantedly.com/companies/company_4349236
株式会社コンフィデンス・インターワークス,https://www.wantedly.com/companies/company_4612058
セスグモ株式会社,https://www.wantedly.com/companies/company_277500
ZEROUM株式会社,https://www.wantedly.com/companies/company_1332659
株式会社ダイニー,https://www.wantedly.com/companies/company_dinii
株式会社ディリスル,https://www.wantedly.com/companies/company_1337142
株式会社Morght,https://www.wantedly.com/companies/morght2
ブレインスリープ,https://www.wantedly.com/companies/company_9672096
株式会社ココピア,https://www.wantedly.com/companies/cocopia
アンファー株式会社,https://www.wantedly.com/companies/angfa
株式会社KIYONO,https://www.wantedly.com/companies/company_4038604
株式会社free web hope,https://www.wantedly.com/companies/freeweb
ラクスル株式会社,https://www.wantedly.com/companies/raksul
NEL株式会社,https://www.wantedly.com/companies/company_9546258
株式会社Alumnote,https://www.wantedly.com/companies/company_7423368
株式会社リーフェホールディングス,https://www.wantedly.com/companies/igakuseidojo
株式会社maipple,https://www.wantedly.com/companies/company_6957742
株式会社グラップエンターテイメント,https://www.wantedly.com/companies/company_6451379
emole株式会社,https://www.wantedly.com/companies/emole
株式会社Leapsec,https://www.wantedly.com/companies/leapsec
株式会社ネコノメ,https://www.wantedly.com/companies/neconome
JAPAN SELECT株式会社,https://www.wantedly.com/companies/company_5679173
aisaac inc.,https://www.wantedly.com/companies/aisaac
株式会社キセル,https://www.wantedly.com/companies/company_8137852
クーリエ株式会社,https://www.wantedly.com/companies/company_3503890
StockSun株式会社,https://www.wantedly.com/companies/company_2456886
ONE株式会社,https://www.wantedly.com/companies/0x1company
株式会社SQUIZ,https://www.wantedly.com/companies/company_3319456
株式会社emostyle,https://www.wantedly.com/companies/company_8108117
株式会社fondi,https://www.wantedly.com/companies/company_8597799
株式会社IKKAN,https://www.wantedly.com/companies/ikkaninc
株式会社MERC,https://www.wantedly.com/companies/merc
株式会社RXプロ,https://www.wantedly.com/companies/company_9273562
wakaru株式会社,https://www.wantedly.com/companies/company_7003235
株式会社ケップル,https://www.wantedly.com/companies/kepple
株式会社トピカ,https://www.wantedly.com/companies/topica
ENECHANGE株式会社 ,https://www.wantedly.com/companies/enechange
株式会社ルグラン,https://www.wantedly.com/companies/legrand
株式会社じげん,https://www.wantedly.com/companies/zigexn
株式会社TORIHADA,https://www.wantedly.com/companies/torihada
株式会社リーディングマーク,https://www.wantedly.com/companies/leadingmark
リクロマ株式会社,https://www.wantedly.com/companies/company_3959022
株式会社Global Growth,https://www.wantedly.com/companies/company_GG0123
株式会社ウエニ貿易,https://www.wantedly.com/companies/ueni
AVITA株式会社,https://www.wantedly.com/companies/avita
naturaltech株式会社,https://www.wantedly.com/companies/company_naturaltech
株式会社Hinotori,https://www.wantedly.com/companies/company_5206540
株式会社MAISON MARC,https://www.wantedly.com/companies/maisonmarc
Acrosstudio株式会社,https://www.wantedly.com/companies/acrosstudio
TRUSTART株式会社,https://www.wantedly.com/companies/trustart
有限会社Ja.Zooo,https://www.wantedly.com/companies/jazooo
株式会社オースタンス,https://www.wantedly.com/companies/ostance
株式会社リールピーク,https://www.wantedly.com/companies/company_2124371
株式会社ラストデータ,https://www.wantedly.com/companies/company_2305625
"ジクー株式会社（Jicoo, Inc）",https://www.wantedly.com/companies/jicoo
株式会社アシロ,https://www.wantedly.com/companies/asiro
株式会社ポリバレントパートナーズ,https://www.wantedly.com/companies/company_949907
bfj株式会社,https://www.wantedly.com/companies/company_354363
株式会社オンサポート,https://www.wantedly.com/companies/onsupport
株式会社Gotoschool,https://www.wantedly.com/companies/company_3506413
株式会社エスモードアート,https://www.wantedly.com/companies/company_1706425
株式会社ビタミンiファクトリー,https://www.wantedly.com/companies/company_8628753
株式会社Faber Company,https://www.wantedly.com/companies/www-fabercompany-co
GOGEN株式会社,https://www.wantedly.com/companies/gogen
株式会社STRACT,https://www.wantedly.com/companies/stract
ミライズ株式会社,https://www.wantedly.com/companies/company_2219765
しるし株式会社,https://www.wantedly.com/companies/shirushi
株式会社Diary,https://www.wantedly.com/companies/company_2998507
株式会社EXIDEA,https://www.wantedly.com/companies/exidea
ナッジ株式会社,https://www.wantedly.com/companies/company_1164145
株式会社Greed,https://www.wantedly.com/companies/greedinc
Ichido株式会社,https://www.wantedly.com/companies/fukushima_ichido
株式会社薬zaiko,https://www.wantedly.com/companies/yakuzaiko
株式会社LOHASTYLE,https://www.wantedly.com/companies/company_5797932
株式会社バイオインパクト,https://www.wantedly.com/companies/bioimpact
コピー＆マーケティング株式会社,https://www.wantedly.com/companies/company_5738407
株式会社Pacific Meta,https://www.wantedly.com/companies/pacific-meta
株式会社ギークハッシュ,https://www.wantedly.com/companies/company_6461376
株式会社SPACE SHOWER FUGA,https://www.wantedly.com/companies/company_8993954
世界へボカン株式会社,https://www.wantedly.com/companies/s-bokan
株式会社オリゼ,https://www.wantedly.com/companies/company_4860293
株式会社IMK,https://www.wantedly.com/companies/imk-holdings2
株式会社GOAT,https://www.wantedly.com/companies/company_1745618
株式会社ブルズ,https://www.wantedly.com/companies/company_1380862
株式会社Skyfall,https://www.wantedly.com/companies/company_4753316
株式会社マイエフピー,https://www.wantedly.com/companies/myfp
株式会社アズライト,https://www.wantedly.com/companies/company_8846193
SORA Technology,https://www.wantedly.com/companies/company_1336896
株式会社ゼロワンブースター,https://www.wantedly.com/companies/01booster2
株式会社エンジニアのミカタ,https://www.wantedly.com/companies/company_6985401
株式会社ハルメクホールディングス,https://www.wantedly.com/companies/company_6188349
株式会社イニシャル,https://www.wantedly.com/companies/company_initial
株式会社emology,https://www.wantedly.com/companies/company_771445
株式会社BRAND X CORPORATION JAPAN,https://www.wantedly.com/companies/company_1144082
株式会社micado,https://www.wantedly.com/companies/company_2535197
アクシス株式会社,https://www.wantedly.com/companies/axxis
スクエア企画,https://www.wantedly.com/companies/company_2234830
ディースタンダード株式会社,https://www.wantedly.com/companies/d-sta
株式会社Santurion,https://www.wantedly.com/companies/company_5935021
株式会社Jinrikisha,https://www.wantedly.com/companies/company_7912806
Philduct Inc.,https://www.wantedly.com/companies/company_917215
株式会社クリテック工業,https://www.wantedly.com/companies/cretec
株式会社CLEARNOTE,https://www.wantedly.com/companies/clearnote
株式会社7garden,https://www.wantedly.com/companies/seven-garden
株式会社and,https://www.wantedly.com/companies/company_6418236
株式会社any style,https://www.wantedly.com/companies/company_9256569
株式会社しるべ,https://www.wantedly.com/companies/shirube
株式会社バイオフィリア,https://www.wantedly.com/companies/company_236342
株式会社AILES,https://www.wantedly.com/companies/company_7695372
犬猫生活株式会社,https://www.wantedly.com/companies/inuneko_seikatsu
株式会社エヌイチ,https://www.wantedly.com/companies/company_5706977
ジャパン・トゥエンティワン,https://www.wantedly.com/companies/japan21
株式会社EventHub,https://www.wantedly.com/companies/company_4535024
LiLi株式会社,https://www.wantedly.com/companies/company_203108
4designs株式会社,https://www.wantedly.com/companies/company_4designs
株式会社SORAMICHI,https://www.wantedly.com/companies/company_3533878
株式会社ACROVE,https://www.wantedly.com/companies/acrove
株式会社TeraDox,https://www.wantedly.com/companies/company_6763410
マネーペディア株式会社,https://www.wantedly.com/companies/company_4802419
株式会社フェリエスト,https://www.wantedly.com/companies/company_6940158
Zenken株式会社,https://www.wantedly.com/companies/zenkenjinji
株式会社400F,https://www.wantedly.com/companies/company_1630659
株式会社TORICO,https://www.wantedly.com/companies/torico
STARSEA株式会社,https://www.wantedly.com/companies/company_8839341
パトステクノロジー株式会社,https://www.wantedly.com/companies/company_439652
株式会社イベント・レンジャーズ,https://www.wantedly.com/companies/event-rangers
株式会社ボディアーキ・ジャパン,https://www.wantedly.com/companies/company_4872125
株式会社Lottnest,https://www.wantedly.com/companies/company_7676071
ENGAWA株式会社,https://www.wantedly.com/companies/global
Connectiv株式会社,https://www.wantedly.com/companies/connectiv
株式会社GROOVE,https://www.wantedly.com/companies/company_631553
株式会社CASE,https://www.wantedly.com/companies/company_1230292
株式会社留学情報館,https://www.wantedly.com/companies/nes-ryugaku
株式会社リーディ,https://www.wantedly.com/companies/leadi
株式会社Ridilover,https://www.wantedly.com/companies/company_4219652
Edv Future株式会社,https://www.wantedly.com/companies/company_6781570
Spirete株式会社,https://www.wantedly.com/companies/company_8106743
（株）Link Sports,https://www.wantedly.com/companies/linksports
株式会社ウィルゲート,https://www.wantedly.com/companies/willgate2
BEENOS,https://www.wantedly.com/companies/BEENOS
株式会社Award,https://www.wantedly.com/companies/company_8546830
 DXHR株式会社,https://www.wantedly.com/companies/dxhr
株式会社ONE ACT,https://www.wantedly.com/companies/oneact
kickflow,https://www.wantedly.com/companies/kickflow
株式会社すむたす,https://www.wantedly.com/companies/sumutasu
バリュエンスホールディングス株式会社,https://www.wantedly.com/companies/valuenceinc
株式会社ワールドフィット,https://www.wantedly.com/companies/company_8430961
株式会社VAZ,https://www.wantedly.com/companies/vaz2
インビジョン株式会社,https://www.wantedly.com/companies/invision-inc
株式会社rexcornu,https://www.wantedly.com/companies/company_9295588
SOZOW株式会社,https://www.wantedly.com/companies/company_6576453
株式会社JOINT CREW,https://www.wantedly.com/companies/jointcrew
株式会社Zhienius,https://www.wantedly.com/companies/company_4927203
株式会社スマテン,https://www.wantedly.com/companies/sumaten
株式会社リアライズ,https://www.wantedly.com/companies/company_5441734
株式会社ネクストレベル,https://www.wantedly.com/companies/next-level
株式会社BEYONDBORDERS,https://www.wantedly.com/companies/beyondborders
株式会社ANYLAND,https://www.wantedly.com/companies/company_3749102
株式会社KUIX,https://www.wantedly.com/companies/company_9776706
株式会社リアブロード,https://www.wantedly.com/companies/reabroad
株式会社ガイアックス,https://www.wantedly.com/companies/gaiax
株式会社ビーバーズ,https://www.wantedly.com/companies/beavers2021
株式会社エアークローゼット,https://www.wantedly.com/companies/airCloset
ベジクル株式会社,https://www.wantedly.com/companies/vegekul
株式会社コドモン,https://www.wantedly.com/companies/codmon
株式会社TatoBe,https://www.wantedly.com/companies/company_6372268
アグリペディア株式会社,https://www.wantedly.com/companies/company_239712
Zaimo株式会社,https://www.wantedly.com/companies/company_2785716
アスエネ株式会社,https://www.wantedly.com/companies/asuene
株式会社Vintom,https://www.wantedly.com/companies/vintom
株式会社Dooox,https://www.wantedly.com/companies/company_7255614
株式会社Xkitchen,https://www.wantedly.com/companies/company_614616
株式会社キャリア・ナビゲーション,https://www.wantedly.com/companies/company_2380665
Envital,https://www.wantedly.com/companies/envital
ExaWizards Inc.,https://www.wantedly.com/companies/exawizards
株式会社ミツカル,https://www.wantedly.com/companies/company_3044711
MOZU株式会社,https://www.wantedly.com/companies/company_6263174
株式会社ギフティ,https://www.wantedly.com/companies/giftee
株式会社メディアエイド,https://www.wantedly.com/companies/company_5306709
株式会社グローバー,https://www.wantedly.com/companies/globar
リベロント株式会社,https://www.wantedly.com/companies/company_7763010
アプコグループジャパン株式会社　ATF支店,https://www.wantedly.com/companies/company_997514
株式会社IRODORI,https://www.wantedly.com/companies/irodori_group
Pestalozzi Technology株式会社,https://www.wantedly.com/companies/company_420537
株式会社ROBOT PAYMENT ,https://www.wantedly.com/companies/robotpayment
株式会社FoundingBase,https://www.wantedly.com/companies/foundingbase
株式会社Seai,https://www.wantedly.com/companies/Seai
Terra Charge 株式会社,https://www.wantedly.com/companies/terracharge
株式会社メディカルフォース,https://www.wantedly.com/companies/medicalforce
株式会社Ｒ．Ｍ．Ｋ．,https://www.wantedly.com/companies/company_6704678
Colorful株式会社,https://www.wantedly.com/companies/company_9785529
株式会社スカラ,https://www.wantedly.com/companies/scalagrp
J-CAT株式会社,https://www.wantedly.com/companies/company_5019094
株式会社YOAKE,https://www.wantedly.com/companies/YOAKE0227
株式会社ファンドクリエーション,https://www.wantedly.com/companies/fundcreation
Acroforce株式会社,https://www.wantedly.com/companies/acroforce
株式会社セールスリクエスト,https://www.wantedly.com/companies/company_3120952
株式会社Live Now,https://www.wantedly.com/companies/livenow
株式会社ストラッツ,https://www.wantedly.com/companies/company_3877622
株式会社DRIX,https://www.wantedly.com/companies/company_7121827
株式会社1LDK,https://www.wantedly.com/companies/company_396636
株式会社パブリックテクノロジーズ,https://www.wantedly.com/companies/public-technologies
"CINRA, Inc.",https://www.wantedly.com/companies/cinra
Libera株式会社,https://www.wantedly.com/companies/libera-inc
株式会社建設みらい総研,https://www.wantedly.com/companies/company_8449640
Lisa Technologies株式会社,https://www.wantedly.com/companies/lisatech
株式会社ジールコミュニケーションズ（HR事業部）,https://www.wantedly.com/companies/company_7034496
株式会社HARE,https://www.wantedly.com/companies/company_5979999
xxx株式会社,https://www.wantedly.com/companies/xxxaz
株式会社フォロアス,https://www.wantedly.com/companies/followus
株式会社リモートワーククラウド,https://www.wantedly.com/companies/company_2421930
Mirise up株式会社,https://www.wantedly.com/companies/miriseup
Nehan株式会社,https://www.wantedly.com/companies/company_3259138
株式会社UKABU,https://www.wantedly.com/companies/company_9854900
株式会社XAION DATA,https://www.wantedly.com/companies/company_7424039
株式会社NEWLOCAL,https://www.wantedly.com/companies/company_5529696
株式会社デジタルプラス,https://www.wantedly.com/companies/digital-plus
株式会社パレスリンク,https://www.wantedly.com/companies/company_6989473
イートラスト株式会社,https://www.wantedly.com/companies/e-trust
DIMENSION株式会社,https://www.wantedly.com/companies/dimension
ユアマイスター株式会社,https://www.wantedly.com/companies/yourmystar
ジェイネッツ株式会社,https://www.wantedly.com/companies/company_6508348
株式会社FRED,https://www.wantedly.com/companies/company_1927513
株式会社Magic Moment,https://www.wantedly.com/companies/magicmoment
株式会社トップワイジャパン,https://www.wantedly.com/companies/http19
コーレ株式会社,https://www.wantedly.com/companies/co-r-e
株式会社CONSCIENCE,https://www.wantedly.com/companies/conscience-co
Yoom株式会社,https://www.wantedly.com/companies/company_1816014
株式会社ヴィックスエイジ,https://www.wantedly.com/companies/vixage
株式会社Piece In,https://www.wantedly.com/companies/company_9964503
株式会社クラフター,https://www.wantedly.com/companies/crafter
株式会社ナノベーション,https://www.wantedly.com/companies/company_8381757
話せるメディカル株式会社,https://www.wantedly.com/companies/company_744585
UNIT BASE株式会社,https://www.wantedly.com/companies/company_3320276
株式会社YON,https://www.wantedly.com/companies/company_9008185
株式会社ウィビッド,https://www.wantedly.com/companies/wivid
株式会社スペシャルサンクス,https://www.wantedly.com/companies/specialthanks_pb
伊良コーラ株式会社,https://www.wantedly.com/companies/company_1248446
ソーシャルマッチ株式会社,https://www.wantedly.com/companies/company_1451218
Cynthialy株式会社,https://www.wantedly.com/companies/company_2455805
株式会社クリエイティブバンク,https://www.wantedly.com/companies/company_4580747
株式会社クラダシ,https://www.wantedly.com/companies/kuradashi
株式会社overflow,https://www.wantedly.com/companies/overflow
株式会社b&q,https://www.wantedly.com/companies/bandq
株式会社アーラリンク,https://www.wantedly.com/companies/company_998605
株式会社RayMay,https://www.wantedly.com/companies/company_9490969
株式会社BOX,https://www.wantedly.com/companies/box_1590744
株式会社CREAVE,https://www.wantedly.com/companies/snapmart
株式会社ピーアールアイ,https://www.wantedly.com/companies/company_4232586
ドリミット株式会社,https://www.wantedly.com/companies/company_8905412
株式会社ドクターズプライム,https://www.wantedly.com/companies/drsprime
株式会社EmpowerX,https://www.wantedly.com/companies/empowerx_1101
株式会社SalesX,https://www.wantedly.com/companies/company_2591036
株式会社クリーマ,https://www.wantedly.com/companies/creema
株式会社キーレイズ,https://www.wantedly.com/companies/company_7617129
RECERO株式会社,https://www.wantedly.com/companies/receroinc
株式会社WEEL,https://www.wantedly.com/companies/weel
株式会社KIRINZ,https://www.wantedly.com/companies/kirinz
株式会社SUNサポート,https://www.wantedly.com/companies/company_4999456
株式会社エイジレス,https://www.wantedly.com/companies/company_7671102
FRAIM株式会社,https://www.wantedly.com/companies/FRAIM
株式会社Re.建設,https://www.wantedly.com/companies/kagoo
株式会社ロビンソン・コンサルティング,https://www.wantedly.com/companies/company_5910866
株式会社ＭＡＰ,https://www.wantedly.com/companies/map
株式会社FABRIC TOKYO,https://www.wantedly.com/companies/lsd
株式会社ユウクリ,https://www.wantedly.com/companies/y-create
株式会社エコライフ,https://www.wantedly.com/companies/company_528199
HeaR株式会社,https://www.wantedly.com/companies/hear
株式会社　グローバルホールディングス,https://www.wantedly.com/companies/GLH
株式会社シグナストラスト,https://www.wantedly.com/companies/cygnus-trust
rayout株式会社,https://www.wantedly.com/companies/company_8336666
株式会社セレス,https://www.wantedly.com/companies/ceres-inc
"Givery,Inc.",https://www.wantedly.com/companies/givery
株式会社QQEnglish,https://www.wantedly.com/companies/qqeng2
株式会社ヒューマンテクノロジーズ,https://www.wantedly.com/companies/h-t
株式会社Airporter,https://www.wantedly.com/companies/airporter
NATURE OF THINGS inc.,https://www.wantedly.com/companies/company_53248
株式会社Bace,https://www.wantedly.com/companies/mini-mal
株式会社キッチハイク,https://www.wantedly.com/companies/kitchhike
株式会社AirX,https://www.wantedly.com/companies/airx
株式会社アグリメディア,https://www.wantedly.com/companies/agrimedia
Winbook,https://www.wantedly.com/companies/company_1735855
株式会社羅針盤,https://www.wantedly.com/companies/compasscorp
VISITS Technologies 株式会社,https://www.wantedly.com/companies/visitsworks
株式会社ATOMica,https://www.wantedly.com/companies/company_1631506
株式会社WANDY,https://www.wantedly.com/companies/company_7548570
カラクリ株式会社,https://www.wantedly.com/companies/karakuri
株式会社クスノキ,https://www.wantedly.com/companies/company_3482070
ビットトレード株式会社,https://www.wantedly.com/companies/BitTrade
株式会社Rhelixa,https://www.wantedly.com/companies/company_2068731
CAMPFIRE,https://www.wantedly.com/companies/campfirejp
RAKUVISA株式会社,https://www.wantedly.com/companies/company_806308
HENNGE株式会社,https://www.wantedly.com/companies/hennge
C Channel株式会社,https://www.wantedly.com/companies/cchan
SHOWROOM株式会社,https://www.wantedly.com/companies/showroom-live
株式会社キャライフ,https://www.wantedly.com/companies/company_4967006
株式会社クレスティア,https://www.wantedly.com/companies/qrestia
株式会社EMILUS,https://www.wantedly.com/companies/company_8429324
シェアフル株式会社,https://www.wantedly.com/companies/sharefull
株式会社NITACO,https://www.wantedly.com/companies/company_8194420
株式会社ZEAL,https://www.wantedly.com/companies/company_7836287
株式会社セルエージェント,https://www.wantedly.com/companies/company_9488500
株式会社アットイン,https://www.wantedly.com/companies/atinn
株式会社アクセット,https://www.wantedly.com/companies/company_861160
株式会社Ancar,https://www.wantedly.com/companies/ancar
株式会社アドバン,https://www.wantedly.com/companies/ad-van
株式会社スクールウィズ,https://www.wantedly.com/companies/schoolwith
TieUps株式会社,https://www.wantedly.com/companies/company_3327605
株式会社クラス,https://www.wantedly.com/companies/CLAS
株式会社京はやしや,https://www.wantedly.com/companies/company_30596
株式会社RAYWOOD,https://www.wantedly.com/companies/company_3565620
株式会社teket,https://www.wantedly.com/companies/company_5817033
株式会社LIG,https://www.wantedly.com/companies/lig
cotobox株式会社,https://www.wantedly.com/companies/cotobox
株式会社EMS,https://www.wantedly.com/companies/company_9789154
株式会社土屋鞄製造所,https://www.wantedly.com/companies/tsuchiya-kaban
プロレ株式会社,https://www.wantedly.com/companies/company_7929588
株式会社ビザスク,https://www.wantedly.com/companies/visasq
株式会社HRBrain,https://www.wantedly.com/companies/hrbrain
株式会社kiwami,https://www.wantedly.com/companies/company_8204540
homie株式会社,https://www.wantedly.com/companies/company_4516493
株式会社タスカジ,https://www.wantedly.com/companies/taskaji
circus株式会社,https://www.wantedly.com/companies/circus
STARMINE Inc.,https://www.wantedly.com/companies/starmine
株式会社ボーンレックス,https://www.wantedly.com/companies/bornrex
BPOテクノロジー株式会社,https://www.wantedly.com/companies/company_6025146
株式会社ルーチェ,https://www.wantedly.com/companies/luce3
株式会社CareCraft,https://www.wantedly.com/companies/company_8313954
株式会社リジョブ,https://www.wantedly.com/companies/rejob
株式会社ナイモノ,https://www.wantedly.com/companies/naimono
株式会社レアジョブテクノロジーズ,https://www.wantedly.com/companies/company_6586285
株式会社Wacworks,https://www.wantedly.com/companies/company_9642795
株式会社コラボ企画,https://www.wantedly.com/companies/company_2194766
株式会社KINS,https://www.wantedly.com/companies/company_4789042
株式会社ANROKu,https://www.wantedly.com/companies/company_6289310
株式会社9lione,https://www.wantedly.com/companies/9lione
株式会社ミラスタ,https://www.wantedly.com/companies/mirasuta
株式会社マイベスト,https://www.wantedly.com/companies/my-best
株式会社花形,https://www.wantedly.com/companies/company_8994944
"ICONIC CO., LTD. ",https://www.wantedly.com/companies/iconic
株式会社FLINTERS,https://www.wantedly.com/companies/flinters
株式会社83Design,https://www.wantedly.com/companies/company_1486948
株式会社AgeWellJapan,https://www.wantedly.com/companies/company_7466125
株式会社ヒトカラメディア,https://www.wantedly.com/companies/hitokara-co
バリュエンステクノロジーズ株式会社,https://www.wantedly.com/companies/company_1284124
株式会社ハッカズーク,https://www.wantedly.com/companies/hackazouk
株式会社ベイクルーズ,https://www.wantedly.com/companies/baycrews2
株式会社XENOZ,https://www.wantedly.com/companies/xenoz
トライプレックス株式会社,https://www.wantedly.com/companies/company_2282160
合同会社CPA-Consulting ,https://www.wantedly.com/companies/company_7458778
株式会社ポテンシャライト,https://www.wantedly.com/companies/company_137060
株式会社ウェルネス,https://www.wantedly.com/companies/company_2195093
株式会社ワカルク,https://www.wantedly.com/companies/company_8089792
国際医療NGO ジャパンハート,https://www.wantedly.com/companies/japanheart4
株式会社ORPHE,https://www.wantedly.com/companies/orphe
FTF株式会社,https://www.wantedly.com/companies/company_6955352
株式会社ZENB HOLDINGS,https://www.wantedly.com/companies/company_4102389
株式会社アドドットコム,https://www.wantedly.com/companies/adcom
株式会社フォワード,https://www.wantedly.com/companies/forwardcareer
Bee2B株式会社,https://www.wantedly.com/companies/beeb
株式会社サムライパートナーズ,https://www.wantedly.com/companies/company_1741401
株式会社Surprise,https://www.wantedly.com/companies/company_5232702
株式会社トレオン,https://www.wantedly.com/companies/company_3329700
株式会社ウタイテ,https://www.wantedly.com/companies/company_4654176
株式会社ビジュアルボイス,https://www.wantedly.com/companies/pacvoice
HRクラウド株式会社,https://www.wantedly.com/companies/hr-cloud
Make Me株式会社,https://www.wantedly.com/companies/company_makeme
株式会社採用モンスター,https://www.wantedly.com/companies/company_374824
株式会社WHOM,https://www.wantedly.com/companies/whom
グローバル・エデュケーションアンドトレーニング・コンサルタンツ株式会社,https://www.wantedly.com/companies/www-globaledu-j
nide.inc,https://www.wantedly.com/companies/nide
エンターテイメント株式会社,https://www.wantedly.com/companies/entertainment-inc
株式会社クロス・シップ,https://www.wantedly.com/companies/company_847150
株式会社I. Meisters,https://www.wantedly.com/companies/company_9437080
株式会社システムゼウス,https://www.wantedly.com/companies/www-systemzeus-co
株式会社NSP-Tech,https://www.wantedly.com/companies/nsp_tech
テテマーチ株式会社,https://www.wantedly.com/companies/tetemarche
株式会社ブラストエッジゲームズ,https://www.wantedly.com/companies/company_3381872
株式会社ジョブアップ,https://www.wantedly.com/companies/company_6136906
株式会社 交換できるくん,https://www.wantedly.com/companies/dekirukun
シリョサク株式会社,https://www.wantedly.com/companies/company_7538342
株式会社サーチフィールド,https://www.wantedly.com/companies/searchfield
株式会社Polite,https://www.wantedly.com/companies/company_320000
株式会社ツクルバ,https://www.wantedly.com/companies/tsukuruba
株式会社エスプール,https://www.wantedly.com/companies/spool
株式会社エービーシースタイル,https://www.wantedly.com/companies/abc-style
株式会社エフェクチュアル,https://www.wantedly.com/companies/effectual
株式会社行政マネジメント研究所,https://www.wantedly.com/companies/amri
株式会社Cuolega,https://www.wantedly.com/companies/cuolega
Ｂｉｓｏｎ　ｅｎｅｒｇｙ株式会社,https://www.wantedly.com/companies/company_9540554
株式会社おてつたび,https://www.wantedly.com/companies/company_1381802
株式会社G.CFACTORY,https://www.wantedly.com/companies/company_2002421
株式会社ウィル・ビー,https://www.wantedly.com/companies/will-be2
株式会社and1,https://www.wantedly.com/companies/company_8614835
株式会社理学ボディ,https://www.wantedly.com/companies/company_3939666
株式会社イードア,https://www.wantedly.com/companies/edoa
株式会社ティー・シー・ケー・ワークショップ,https://www.wantedly.com/companies/tckwshop
株式会社ゼロアクセル,https://www.wantedly.com/companies/company_4715440
株式会社フュージョニア,https://www.wantedly.com/companies/fusionia
株式会社アクティベートキャリア,https://www.wantedly.com/companies/company_5596963
株式会社ロマンシングイノベーション,https://www.wantedly.com/companies/company_5137062
株式会社アクロネット,https://www.wantedly.com/companies/company_763133
株式会社セカンドポイント,https://www.wantedly.com/companies/company_7978638
株式会社MEME,https://www.wantedly.com/companies/company_8125649
REOrGA株式会社,https://www.wantedly.com/companies/company_4592914
株式会社GeNEE,https://www.wantedly.com/companies/company_7251866
株式会社 Cozies,https://www.wantedly.com/companies/company_2531430
ClipLine株式会社,https://www.wantedly.com/companies/clipline
株式会社Essencimo,https://www.wantedly.com/companies/company_5457936
株式会社シューマツワーカー ,https://www.wantedly.com/companies/shuuumatu-worker
株式会社ISSUE,https://www.wantedly.com/companies/company_7015905
株式会社Sherpa consulting Parties,https://www.wantedly.com/companies/company_7300960
株式会社WARC,https://www.wantedly.com/companies/company_3787524
株式会社サポーターズ,https://www.wantedly.com/companies/supporterz
コロニー株式会社,https://www.wantedly.com/companies/company_264272
株式会社アクティブリテック,https://www.wantedly.com/companies/company_1414874
有限会社人事・労務,https://www.wantedly.com/companies/jinji-roumu
ソーシャル・エンライトメント株式会社,https://www.wantedly.com/companies/company_5410298
株式会社 Suzak,https://www.wantedly.com/companies/company_6986732
リーシング・マネジメント・コンサルティング株式会社,https://www.wantedly.com/companies/lmc-c
株式会社siro,https://www.wantedly.com/companies/company_361610
"Directors,Inc",https://www.wantedly.com/companies/director
Favor株式会社,https://www.wantedly.com/companies/favor
株式会社unerry,https://www.wantedly.com/companies/company_402286
One Work株式会社,https://www.wantedly.com/companies/company_4919953
株式会社SimpCo,https://www.wantedly.com/companies/company_3542575
株式会社HUUK,https://www.wantedly.com/companies/company_3219424
株式会社テクノデジタル,https://www.wantedly.com/companies/tcdigital
株式会社MEMORY LAB,https://www.wantedly.com/companies/memorylab
株式会社Rounda,https://www.wantedly.com/companies/company_5576351
株式会社Mutual,https://www.wantedly.com/companies/company_3870004
yousual株式会社,https://www.wantedly.com/companies/yousual
株式会社DINAMICA,https://www.wantedly.com/companies/dinamica
"for Startups, Inc. / フォースタートアップス株式会社",https://www.wantedly.com/companies/forstartups
株式会社 Plus Synergy,https://www.wantedly.com/companies/company_9199453
株式会社VOLLECT,https://www.wantedly.com/companies/company_2113909
グローシップ・パートナーズ株式会社,https://www.wantedly.com/companies/growship
テイラー株式会社,https://www.wantedly.com/companies/company_4924986
（株）Freewillトータルエデュケーション,https://www.wantedly.com/companies/amebaownd
株式会社リード・イノベーション,https://www.wantedly.com/companies/company_72016
株式会社メンタルヘルステクノロジーズ ,https://www.wantedly.com/companies/miew
株式会社TYL,https://www.wantedly.com/companies/pet-tyl
社会福祉法人みわの会,https://www.wantedly.com/companies/company_6495431
株式会社Rehab for JAPAN,https://www.wantedly.com/companies/rehabforjapan
医療法人社団焔,https://www.wantedly.com/companies/yamato-clinic
株式会社ラフール,https://www.wantedly.com/companies/lafool
認定NPO法人カタリバ,https://www.wantedly.com/companies/katariba
株式会社POPER,https://www.wantedly.com/companies/poper
株式会社Fennel,https://www.wantedly.com/companies/company_5475172
株式会社MONO Technologies,https://www.wantedly.com/companies/mono-tech
CREATEE JAPAN株式会社,https://www.wantedly.com/companies/company_3107728
株式会社タウンキッチン,https://www.wantedly.com/companies/town-kitchen
good mornings株式会社,https://www.wantedly.com/companies/goodmornings
ランク王株式会社,https://www.wantedly.com/companies/rankoh
ダイアモンドヘッド株式会社,https://www.wantedly.com/companies/diamondhead2
ピースマインド株式会社,https://www.wantedly.com/companies/company_3945816
スタークス株式会社,https://www.wantedly.com/companies/starx
株式会社Yuinchu,https://www.wantedly.com/companies/Yuinchu
株式会社UB Ventures,https://www.wantedly.com/companies/company_568705
株式会社404project,https://www.wantedly.com/companies/notfound404
株式会社Morrow World,https://www.wantedly.com/companies/company_110740
株式会社SQUEEZE,https://www.wantedly.com/companies/squeeze-inc
株式会社mikai,https://www.wantedly.com/companies/mikai
株式会社パートナーズ,https://www.wantedly.com/companies/company_4528764
株式会社MaaS Tech Japan,https://www.wantedly.com/companies/company_9954683
e-dash株式会社,https://www.wantedly.com/companies/e-dash_1813234
株式会社Stardy,https://www.wantedly.com/companies/company_1592525
ポジウィル株式会社,https://www.wantedly.com/companies/posiwill
株式会社ナイトレイ,https://www.wantedly.com/companies/nightley
株式会社CRAZY,https://www.wantedly.com/companies/us
株式会社やる気スイッチグループ,https://www.wantedly.com/companies/yarukiswitch
株式会社メドレー,https://www.wantedly.com/companies/medley
株式会社リクルート,https://www.wantedly.com/companies/company_8406593
株式会社スナックミー,https://www.wantedly.com/companies/snaqme
株式会社オトナル ,https://www.wantedly.com/companies/otonal
ココネ株式会社,https://www.wantedly.com/companies/cocone
株式会社BYD,https://www.wantedly.com/companies/company_5094558
株式会社EN,https://www.wantedly.com/companies/company_1758293
株式会社第一音響,https://www.wantedly.com/companies/donkyo
株式会社Schoo,https://www.wantedly.com/companies/Schoo
株式会社こうゆう　花まる学習会,https://www.wantedly.com/companies/hanamaru
株式会社アイ・エフ・クリエイト,https://www.wantedly.com/companies/ifcreate
FUN UP INC.,https://www.wantedly.com/companies/funup
4P's JAPAN株式会社,https://www.wantedly.com/companies/company_9749440
株式会社アイスタイル,https://www.wantedly.com/companies/istyle
株式会社Inomco,https://www.wantedly.com/companies/company_6328127
学校法人井之頭学園,https://www.wantedly.com/companies/company_4716350
Dandelion Chocolate Japan株式会社,https://www.wantedly.com/companies/dcjapan
株式会社イデア・レコード,https://www.wantedly.com/companies/idearecord2
株式会社アグニス,https://www.wantedly.com/companies/agniss
合同会社オクトエル,https://www.wantedly.com/companies/okutoeru
株式会社TWOSTONE&Sons,https://www.wantedly.com/companies/twostone-s
株式会社ロフトワーク,https://www.wantedly.com/companies/loftwork
株式会社SSI Holdings,https://www.wantedly.com/companies/company_2151058
株式会社ニット,https://www.wantedly.com/companies/strikingly9
バルス株式会社,https://www.wantedly.com/companies/company_6758968
ITFORCE株式会社,https://www.wantedly.com/companies/itforce
株式会社UPDATER,https://www.wantedly.com/companies/company_649852
株式会社ダイレクトソーシング,https://www.wantedly.com/companies/directsourcing-lab
株式会社LiNew,https://www.wantedly.com/companies/company_513077
株式会社ゴーストレストラン研究所（Ghost Kitchens）,https://www.wantedly.com/companies/company_3701973
株式会社Freewill,https://www.wantedly.com/companies/freewill
株式会社シクミヤ,https://www.wantedly.com/companies/company_9981804
Qasee株式会社,https://www.wantedly.com/companies/company_qasee07
株式会社リプル,https://www.wantedly.com/companies/riple
株式会社シー・ティー・エス,https://www.wantedly.com/companies/company_9893328
Gunosy,https://www.wantedly.com/companies/gunosy
株式会社オープンロジ,https://www.wantedly.com/companies/openlogi
株式会社スーツ,https://www.wantedly.com/companies/suits
バ・アンド・コー株式会社,https://www.wantedly.com/companies/baandco
株式会社エヌ・シー・エヌ,https://www.wantedly.com/companies/company_1260820
株式会社E3Mobility,https://www.wantedly.com/companies/company_5408397
株式会社wevnal,https://www.wantedly.com/companies/wevnal
株式会社TWO,https://www.wantedly.com/companies/two2
アグリコネクト株式会社 ,https://www.wantedly.com/companies/agri-connect
ピュアネクサス株式会社,https://www.wantedly.com/companies/pyuanexus
株式会社HykeComic,https://www.wantedly.com/companies/hykecomic
株式会社ビースタンダード,https://www.wantedly.com/companies/bsta
一般社団法人留学エール,https://www.wantedly.com/companies/company_blastschool
デジタルグリッド株式会社,https://www.wantedly.com/companies/digitalgrid
株式会社Glover Transship,https://www.wantedly.com/companies/glovertransship
GlobalSIGHT合同会社,https://www.wantedly.com/companies/company_4024022
合同会社N.R.KOTOBUKI,https://www.wantedly.com/companies/company_1133359
八紘テクノ株式会社,https://www.wantedly.com/companies/company_4424323
株式会社リハス,https://www.wantedly.com/companies/company_5074930
ランニングホームラン株式会社,https://www.wantedly.com/companies/running-hr
EXest株式会社,https://www.wantedly.com/companies/wow-u
株式会社エージェント,https://www.wantedly.com/companies/www-agent-network
株式会社エス・エム・エス,https://www.wantedly.com/companies/sms
株式会社Ciel Ferme,https://www.wantedly.com/companies/company_2957888
株式会社いい生活,https://www.wantedly.com/companies/e-seikatsu
株式会社フクロウラボ,https://www.wantedly.com/companies/fukurou-labo
株式会社オズビジョン,https://www.wantedly.com/companies/ozvisionrecruit
株式会社フーディソン,https://www.wantedly.com/companies/foodison
株式会社CURBON,https://www.wantedly.com/companies/company_8482829
株式会社アグリゲート,https://www.wantedly.com/companies/agrigate-cojp
株式会社storage,https://www.wantedly.com/companies/storage-recruit
株式会社東京個別指導学院,https://www.wantedly.com/companies/company_6716726
リビン・テクノロジーズ株式会社,https://www.wantedly.com/companies/lvn
株式会社探究学舎,https://www.wantedly.com/companies/company_8441382
データビズラボ株式会社,https://www.wantedly.com/companies/company_822016
株式会社ストリーモ,https://www.wantedly.com/companies/company_1321410
株式会社プレステージ・インターナショナル,https://www.wantedly.com/companies/company_8572281
株式会社フォーイット,https://www.wantedly.com/companies/forit
花まるエレメンタリースクール,https://www.wantedly.com/companies/hanamentary
株式会社Beer and Tech,https://www.wantedly.com/companies/beerandtech
PORT OF CALL JAPAN 株式会社,https://www.wantedly.com/companies/company_5496059
株式会社Wiz,https://www.wantedly.com/companies/grp-co-jp
株式会社ドリームフィールズ,https://www.wantedly.com/companies/company_8772580
ツリーベル株式会社,https://www.wantedly.com/companies/treebell-jp
株式会社ポジティブドリームパーソンズ,https://www.wantedly.com/companies/positivedreampersons
株式会社Blanket,https://www.wantedly.com/companies/blanket
株式会社PLAY & co,https://www.wantedly.com/companies/playandco
株式会社森未来,https://www.wantedly.com/companies/shin-mirai
株式会社ネイティブキャンプ,https://www.wantedly.com/companies/nativecamp2
株式会社STANDS,https://www.wantedly.com/companies/company_7104315
MetroResidences Japan株式会社,https://www.wantedly.com/companies/metroresidences
アライドアーキテクツ株式会社,https://www.wantedly.com/companies/AlliedArchitects
moomoo証券株式会社,https://www.wantedly.com/companies/company_1720175
株式会社アットキャド,https://www.wantedly.com/companies/company_8260186
株式会社リビタ,https://www.wantedly.com/companies/rebita
株式会社CLOVER,https://www.wantedly.com/companies/company_3966313
株式会社LinkUp,https://www.wantedly.com/companies/company_331075
アイリン株式会社,https://www.wantedly.com/companies/company_9332081
株式会社コウシン,https://www.wantedly.com/companies/company_7475816
株式会社EbuAction,https://www.wantedly.com/companies/company_4431546
